tiempo,Voltaje_Cen_1.CSV,Voltaje_Cen_2.CSV,Voltaje_Ext_1.CSV,Voltaje_Ext_2.CSV
0.02,-1.56,-0.76,-3.56,0.16
0.04,-1.56,-0.74,-3.56,0.18
0.06,-1.56,-0.74,-3.56,0.18
0.08,-1.56,-0.76,-3.56,0.16
0.1,-1.56,-0.76,-3.56,0.16
0.12,-1.56,-0.76,-3.56,0.16
0.14,-1.56,-0.74,-3.56,0.16
0.16,-1.56,0.44,-3.56,-0.2
0.18,-1.56,0.52,-3.56,-0.16
0.2,-1.56,0.52,-3.56,-0.12
0.22,-1.56,0.52,-3.56,-0.14
0.24,-1.56,0.54,-3.56,-0.12
0.26,-1.56,0.56,-3.56,-0.12
0.28,-1.56,-1.56,-3.56,-3.56
0.3,-1.56,-1.56,-3.56,-3.56
0.32,-1.56,-1.56,-3.56,-3.56
0.34,-1.56,-1.56,-3.56,-3.56
0.36,-1.56,-1.56,-3.56,-3.56
0.38,-1.56,-1.56,-3.56,-3.56
0.4,-1.56,-1.56,-3.56,-3.56
0.42,-1.56,-1.56,-3.56,-3.56
0.44,-1.56,-1.56,-3.56,-3.56
0.46,-1.56,-1.56,-3.56,-3.56
0.48,-1.56,-1.56,-3.56,-3.56
0.5,-1.56,-1.56,-3.56,-3.56
0.52,-1.56,-1.56,-3.56,-3.56
0.54,-1.56,-1.56,-3.56,-3.56
0.56,-1.56,-1.56,-3.56,-3.56
0.58,-1.56,-1.56,-3.56,-3.56
0.6,-1.56,-1.56,-3.56,-3.56
0.62,-1.56,-1.56,-3.56,-3.56
0.64,-1.56,-1.56,-3.56,-3.56
0.66,-1.56,-1.56,-3.56,-3.56
0.68,-1.56,-1.56,-3.56,-3.56
0.7,-1.56,-1.56,-3.56,-3.56
0.72,-1.56,-1.56,-3.56,-3.56
0.74,-1.56,-1.56,-3.56,-3.56
0.76,-1.56,-1.56,-3.56,-3.56
0.78,-1.56,-1.56,-3.56,-3.56
0.8,-1.56,-1.56,-3.56,-3.56
0.82,-1.56,-1.56,-3.56,-3.56
0.84,-1.56,-1.56,-3.56,-3.56
0.86,-1.56,-1.56,-3.56,-3.56
0.88,-1.56,-1.56,-3.56,-3.56
0.9,-1.56,-1.56,-3.56,-3.56
0.92,-1.56,-1.56,-3.56,-3.56
0.94,-1.56,-1.56,-3.56,-3.56
0.96,-1.56,-1.56,-3.56,-3.56
0.98,-1.56,-1.56,-3.56,-3.56
1.0,-1.56,-1.56,-3.56,-3.56
1.02,-1.56,-1.56,-3.56,-3.56
1.04,-1.56,-1.56,-3.56,-3.56
1.06,-1.56,-1.56,-3.56,-3.56
1.08,-1.56,-1.56,-3.56,-3.56
1.1,-1.56,-1.56,-3.56,-3.56
1.12,-1.56,-1.56,-3.56,-3.56
1.14,-1.56,-1.56,-3.56,-3.56
1.16,-1.56,-1.56,-3.56,-3.56
1.18,-1.56,-1.56,-3.56,-3.56
1.2,-1.56,-1.56,-3.56,-3.56
1.22,-1.56,-1.56,-3.56,-3.56
1.24,-1.56,-1.56,-3.56,-3.56
1.26,-1.56,-1.56,-3.56,-3.56
1.28,-1.56,-1.56,-3.56,-3.56
1.3,-1.56,-1.56,-3.56,-3.56
1.32,-1.56,-1.56,-3.56,-3.56
1.34,-1.56,-1.56,-3.56,-3.56
1.36,-1.56,-1.56,-3.56,-3.56
1.38,-1.56,-1.56,-3.56,-3.56
1.4,-1.56,-1.56,-3.56,-3.56
1.42,-1.56,-1.56,-3.56,-3.56
1.44,-1.56,-1.56,-3.56,-3.56
1.46,-1.56,-1.56,-3.56,-3.56
1.48,-1.56,-1.56,-3.56,-3.56
1.5,-1.56,-1.56,-3.56,-3.56
1.52,-1.56,-1.56,-3.56,-3.56
1.54,-1.56,-1.56,-3.56,-3.56
1.56,-1.56,-1.56,-3.56,-3.56
1.58,-1.56,-1.56,-3.56,-3.56
1.6,-1.56,-1.56,-3.56,-3.56
1.62,-1.56,-1.56,-3.56,-3.56
1.64,-1.56,-1.56,-3.56,-3.56
1.66,-1.56,-1.56,-3.56,-3.56
1.68,-1.56,-1.56,-3.56,-3.56
1.7,-1.56,-1.56,-3.56,-3.56
1.72,-1.56,-1.56,-3.56,-3.56
1.74,-1.56,-1.56,-3.56,-3.56
1.76,-1.56,-1.56,-3.56,-3.56
1.78,-1.56,-1.56,-3.56,-3.56
1.8,-1.56,-1.56,-3.56,-3.56
1.82,-1.56,-1.56,-3.56,-3.56
1.84,-1.56,-1.56,-3.56,-3.56
1.86,-1.56,-1.56,-3.56,-3.56
1.88,-1.56,-1.56,-3.56,-3.56
1.9,-1.56,-1.56,-3.56,-3.56
1.92,-1.56,-1.56,-3.56,-3.56
1.94,-1.56,-1.56,-3.56,-3.56
1.96,-1.56,-1.56,-3.56,-3.56
1.98,-1.56,-1.56,-3.56,-3.56
2.0,-1.56,-1.56,-3.56,-3.56
2.02,-1.56,-1.56,-3.56,-3.56
2.04,-1.56,-1.56,-3.56,-3.56
2.06,-1.56,-1.56,-3.56,-3.56
2.08,-1.56,-1.56,-3.56,-3.56
2.1,-1.56,-1.56,-3.56,-3.56
2.12,-1.56,-1.56,-3.56,-3.56
2.14,-1.56,-1.56,-3.56,-3.56
2.16,-1.56,-1.56,-3.56,-3.56
2.18,-1.56,-1.56,-3.56,-3.56
2.2,-1.56,-1.56,-3.56,-3.56
2.22,-1.56,-1.56,-3.56,-3.56
2.24,-1.56,-1.56,-3.56,-3.56
2.26,-1.56,-1.56,-3.56,-3.56
2.28,-1.56,-1.56,-3.56,-3.56
2.3,-1.56,-1.56,-3.56,-3.56
2.32,-1.56,-1.56,-3.56,-3.56
2.34,-1.56,-1.56,-3.56,-3.56
2.36,-1.56,-1.56,-3.56,-3.56
2.38,-1.56,-1.56,-3.56,-3.56
2.4,-1.56,-1.56,-3.56,-3.56
2.42,-1.56,-1.56,-3.56,-3.56
2.44,-1.56,-1.56,-3.56,-3.56
2.46,-1.56,-1.56,-3.56,-3.56
2.48,-1.56,-1.56,-3.56,-3.56
2.5,-1.56,-1.56,-3.56,-3.56
2.52,-1.56,-1.56,-3.56,-3.56
2.54,-1.56,-1.56,-3.56,-3.56
2.56,-1.56,-1.56,-3.56,-3.56
2.58,-1.56,-1.56,-3.56,-3.56
2.6,-1.56,-1.56,-3.56,-3.56
2.62,-1.56,-1.56,-3.56,-3.56
2.64,-1.56,-1.56,-3.56,-3.56
2.66,-1.56,-1.56,-3.56,-3.56
2.68,-1.56,-1.56,-3.56,-3.56
2.7,-1.56,-1.56,-3.56,-3.56
2.72,-1.56,-1.56,-3.56,-3.56
2.74,-1.56,-1.56,-3.56,-3.56
2.76,-1.56,-1.56,-3.56,-3.56
2.78,-1.56,-1.56,-3.56,-3.56
2.8,-1.56,-1.56,-3.56,-3.56
2.82,-1.56,-1.56,-3.56,-3.56
2.84,-1.56,-1.56,-3.56,-3.56
2.86,-1.56,-1.56,-3.56,-3.56
2.88,-1.56,-1.56,-3.56,-3.56
2.9,-1.56,-1.56,-3.56,-3.56
2.92,-1.56,-1.56,-3.56,-3.56
2.94,-1.56,-1.56,-3.56,-3.56
2.96,-1.56,-1.56,-3.56,-3.56
2.98,-1.56,-1.56,-3.56,-3.56
3.0,-1.56,-1.56,-3.56,-3.56
3.02,-1.56,-1.56,-3.56,-3.56
3.04,-1.56,-1.56,-3.56,-3.56
3.06,-1.56,-1.56,-3.56,-3.56
3.08,-1.56,-1.56,-3.56,-3.56
3.1,-1.56,-1.56,-3.56,-3.56
3.12,-1.56,-1.56,-3.56,-3.56
3.14,-1.56,-1.56,-3.56,-3.56
3.16,-1.56,-1.56,-3.56,-3.56
3.18,-1.56,-1.56,-3.56,-3.56
3.2,-1.56,-1.56,-3.56,-3.56
3.22,-1.56,-1.56,-3.56,-3.56
3.24,-1.56,-1.56,-3.56,-3.56
3.26,-1.56,-1.56,-3.56,-3.56
3.28,-1.56,-1.56,-3.56,-3.56
3.3,-1.56,-1.56,-3.56,-3.56
3.32,-1.56,-1.56,-3.56,-3.56
3.34,-1.56,-1.56,-3.56,-3.56
3.36,-1.56,-1.56,-3.56,-3.56
3.38,-1.56,-1.56,-3.56,-3.56
3.4,-1.56,-1.56,-3.56,-3.56
3.42,-1.56,-1.56,-3.56,-3.56
3.44,-1.56,-1.56,-3.56,-3.56
3.46,-1.56,-1.56,-3.56,-3.56
3.48,-1.56,-1.56,-3.56,-3.56
3.5,-1.56,-1.56,-3.56,-3.56
3.52,-1.56,-1.56,-3.56,-3.56
3.54,-1.56,-1.56,-3.56,-3.56
3.56,-1.56,-1.56,-3.56,-3.56
3.58,-1.56,-1.56,-3.56,-3.56
3.6,-1.56,-1.56,-3.56,-3.56
3.62,-1.56,-1.56,-3.56,-3.56
3.64,-1.56,-1.56,-3.56,-3.56
3.66,-1.56,-1.56,-3.56,-3.56
3.68,-1.56,-1.56,-3.56,-3.56
3.7,-1.56,-1.56,-3.56,-3.56
3.72,-1.56,-1.56,-3.56,-3.56
3.74,-1.56,-1.56,-3.56,-3.56
3.76,-1.56,-1.56,-3.56,-3.56
3.78,-1.56,-1.56,-3.56,-3.56
3.8,-1.56,-1.56,-3.56,-3.56
3.82,-1.56,-1.56,-3.56,-3.56
3.84,-1.56,-1.56,-3.56,-3.56
3.86,-1.56,-1.56,-3.56,-3.56
3.88,-1.56,-1.56,-3.56,-3.56
3.9,-1.56,-1.56,-3.56,-3.56
3.92,-1.56,-1.56,-3.56,-3.56
3.94,-1.56,-1.56,-3.56,-3.56
3.96,-1.56,-1.56,-3.56,-3.56
3.98,-1.56,-1.56,-3.56,-3.56
4.0,-1.56,-1.56,-3.56,-3.56
4.02,-1.56,-1.56,-3.56,-3.56
4.04,-1.56,-1.56,-3.56,-3.56
4.06,-1.56,-1.56,-3.56,-3.56
4.08,-1.56,-1.56,-3.56,-3.56
4.1,-1.56,-1.56,-3.56,-3.56
4.12,-1.56,-1.56,-3.56,-3.56
4.14,-1.56,-1.56,-3.56,-3.56
4.16,-1.56,-1.56,-3.56,-3.56
4.18,-1.56,-1.56,-3.56,-3.56
4.2,-1.56,-1.56,-3.56,-3.56
4.22,-1.56,-1.56,-3.56,-3.56
4.24,-1.56,-1.56,-3.56,-3.56
4.26,-1.56,-1.56,-3.56,-3.56
4.28,-1.56,-1.56,-3.56,-3.56
4.3,-1.56,-1.56,-3.56,-3.56
4.32,-1.56,-1.56,-3.56,-3.56
4.34,-1.56,-1.56,-3.56,-3.56
4.36,-1.56,-1.56,-3.56,-3.56
4.38,-1.56,-1.56,-3.56,-3.56
4.4,-1.56,-1.56,-3.56,-3.56
4.42,-1.56,-1.56,-3.56,-3.56
4.44,-1.56,-1.56,-3.56,-3.56
4.46,-1.56,-1.56,-3.56,-3.56
4.48,-1.56,-1.56,-3.56,-3.56
4.5,-1.56,-1.56,-3.56,-3.56
4.52,-1.56,-1.56,-3.56,-3.56
4.54,-1.56,-1.56,-3.56,-3.56
4.56,-1.56,-1.56,-3.56,-3.56
4.58,-1.56,-1.56,-3.56,-3.56
4.6,-1.56,-1.56,-3.56,-3.56
4.62,-1.56,-1.56,-3.56,-3.56
4.64,-1.56,-1.56,-3.56,-3.56
4.66,-1.56,-1.56,-3.56,-3.56
4.68,-1.56,-1.56,-3.56,-3.56
4.7,-1.56,-1.56,-3.56,-3.56
4.72,-1.56,-1.56,-3.56,-3.56
4.74,-1.56,-1.56,-3.56,-3.56
4.76,-1.56,-1.56,-3.56,-3.56
4.78,-1.56,-1.56,-3.56,-3.56
4.8,-1.56,-1.56,-3.56,-3.56
4.82,-1.56,-1.56,-3.56,-3.56
4.84,-1.56,-1.56,-3.56,-3.56
4.86,-1.56,-1.56,-3.56,-3.56
4.88,-1.56,-1.56,-3.56,-3.56
4.9,-1.56,-1.56,-3.56,-3.56
4.92,-1.56,-1.56,-3.56,-3.56
4.94,-1.56,-1.56,-3.56,-3.56
4.96,-0.78,-1.56,0.16,-3.56
4.98,-0.76,-1.56,0.16,-3.56
5.0,-0.76,-1.56,0.16,-3.56
5.02,-0.76,-1.56,0.18,-3.56
5.04,0.46,-1.56,-0.18,-3.56
5.06,0.52,-1.56,-0.14,-3.56
5.08,0.52,-1.56,-0.16,-3.56
5.1,0.54,-1.56,-0.14,-3.56
5.12,0.56,-1.56,-0.12,-3.56
5.14,0.54,-1.56,-0.12,-3.56
5.16,0.56,-1.56,-0.14,-3.56
5.18,0.58,-1.56,-0.14,-3.56
5.2,0.58,-1.56,-0.14,-3.56
5.22,0.58,-1.56,-0.1,-3.56
5.24,0.58,-1.56,-0.14,-3.56
5.26,0.58,-1.56,-0.1,-3.56
5.28,0.6,0.56,-0.1,-0.14
5.3,0.6,0.56,-0.1,-0.12
5.32,0.62,0.58,-0.12,-0.12
5.34,0.62,0.58,-0.1,-0.12
5.36,0.62,0.56,-0.1,-0.1
5.38,0.62,0.58,-0.12,-0.12
5.4,0.62,0.58,-0.1,-0.1
5.42,0.62,0.58,-0.12,-0.1
5.44,0.62,0.6,-0.1,-0.12
5.46,0.62,0.6,-0.08,-0.08
5.48,0.62,0.6,-0.12,-0.12
5.5,0.64,0.6,-0.1,-0.1
5.52,0.64,0.62,-0.1,-0.08
5.54,-0.66,0.6,0.24,-0.1
5.56,-0.66,0.62,0.22,-0.12
5.58,-0.7,0.62,0.2,-0.1
5.6,-0.7,0.62,0.2,-0.1
5.62,-0.72,0.62,0.2,-0.08
5.64,-0.72,0.62,0.2,-0.1
5.66,-0.72,0.62,0.2,-0.1
5.68,-0.74,-0.64,0.2,0.22
5.7,-0.76,-0.66,0.18,0.22
5.72,-0.72,-0.68,0.2,0.18
5.74,-0.74,-0.7,0.18,0.2
5.76,-0.74,-0.68,0.16,0.18
5.78,-0.74,-0.7,0.16,0.18
5.8,-0.76,-0.7,0.18,0.16
5.82,-0.74,-0.72,0.2,0.16
5.84,-0.76,-0.72,0.16,0.18
5.86,-0.76,-0.72,0.16,0.16
5.88,-0.76,-0.72,0.18,0.16
5.9,-0.78,-0.74,0.16,0.16
5.92,-0.76,-0.74,0.18,0.16
5.94,-0.76,-0.72,0.18,0.16
5.96,-0.78,-0.72,0.16,0.16
5.98,-0.8,-0.74,0.16,0.18
6.0,-0.76,-0.74,0.16,0.18
6.02,-0.78,-0.76,0.16,0.16
6.04,0.46,-0.74,-0.16,0.18
6.06,0.5,-0.74,-0.16,0.16
6.08,0.52,-0.76,-0.14,0.16
6.1,0.54,-0.74,-0.14,0.16
6.12,0.56,-0.78,-0.14,0.16
6.14,0.56,-0.78,-0.14,0.16
6.16,0.56,-0.74,-0.12,0.16
6.18,0.56,0.46,-0.12,-0.18
6.2,0.58,0.5,-0.12,-0.16
6.22,0.58,0.52,-0.12,-0.12
6.24,0.6,0.52,-0.14,-0.14
6.26,0.6,0.54,-0.1,-0.12
6.28,0.62,0.56,-0.1,-0.12
6.3,0.6,0.56,-0.12,-0.12
6.32,0.6,0.56,-0.1,-0.1
6.34,0.62,0.56,-0.1,-0.12
6.36,0.62,0.56,-0.12,-0.12
6.38,0.62,0.58,-0.1,-0.12
6.4,0.62,0.6,-0.1,-0.12
6.42,0.62,0.58,-0.1,-0.12
6.44,0.62,0.58,-0.1,-0.12
6.46,0.62,0.6,-0.08,-0.1
6.48,0.62,0.6,-0.1,-0.1
6.5,0.62,0.6,-0.12,-0.1
6.52,0.64,0.6,-0.1,-0.1
6.54,-0.64,0.6,0.22,-0.1
6.56,-0.68,0.62,0.22,-0.1
6.58,-0.7,0.62,0.22,-0.1
6.6,-0.7,0.62,0.2,-0.1
6.62,-0.7,0.6,0.2,-0.1
6.64,-0.74,0.62,0.18,-0.1
6.66,-0.72,0.62,0.2,-0.1
6.68,-0.72,-0.62,0.18,0.24
6.7,-0.72,-0.68,0.18,0.22
6.72,-0.74,-0.68,0.2,0.2
6.74,-0.74,-0.7,0.18,0.2
6.76,-0.74,-0.7,0.2,0.18
6.78,-0.74,-0.7,0.16,0.18
6.8,-0.76,-0.7,0.16,0.18
6.82,-0.76,-0.72,0.18,0.2
6.84,-0.76,-0.72,0.18,0.18
6.86,-0.76,-0.72,0.16,0.18
6.88,-0.76,-0.72,0.16,0.18
6.9,-0.76,-0.74,0.18,0.16
6.92,-0.76,-0.72,0.18,0.16
6.94,-0.76,-0.74,0.16,0.16
6.96,-0.78,-0.74,0.16,0.16
6.98,-0.76,-0.74,0.14,0.16
7.0,-0.78,-0.74,0.18,0.16
7.02,-0.78,-0.76,0.16,0.16
7.04,0.48,-0.76,-0.18,0.2
7.06,0.5,-0.74,-0.14,0.16
7.08,0.52,-0.74,-0.14,0.16
7.1,0.54,-0.74,-0.12,0.16
7.12,0.56,-0.76,-0.1,0.16
7.14,0.56,-0.76,-0.12,0.14
7.16,0.58,-0.76,-0.14,0.16
7.18,0.58,0.46,-0.14,-0.16
7.2,0.58,0.5,-0.12,-0.14
7.22,0.58,0.52,-0.12,-0.14
7.24,0.58,0.52,-0.1,-0.14
7.26,0.6,0.56,-0.14,-0.12
7.28,0.6,0.56,-0.1,-0.12
7.3,0.6,0.56,-0.12,-0.12
7.32,0.6,0.58,-0.12,-0.12
7.34,0.6,0.56,-0.12,-0.1
7.36,0.6,0.58,-0.12,-0.12
7.38,0.62,0.58,-0.1,-0.12
7.4,0.62,0.58,-0.1,-0.12
7.42,0.62,0.58,-0.1,-0.1
7.44,0.62,0.58,-0.08,-0.12
7.46,0.62,0.6,-0.1,-0.1
7.48,0.64,0.6,-0.1,-0.08
7.5,0.62,0.6,-0.1,-0.1
7.52,0.64,0.62,-0.12,-0.1
7.54,-0.66,0.6,0.24,-0.1
7.56,-0.68,0.62,0.22,-0.08
7.58,-0.7,0.62,0.22,-0.1
7.6,-0.7,0.6,0.2,-0.08
7.62,-0.7,0.62,0.2,-0.08
7.64,-0.7,0.62,0.2,-0.08
7.66,-0.7,0.62,0.2,-0.1
7.68,-0.74,-0.64,0.18,0.22
7.7,-0.72,-0.66,0.18,0.2
7.72,-0.74,-0.68,0.2,0.22
7.74,-0.76,-0.7,0.16,0.18
7.76,-0.74,-0.7,0.18,0.2
7.78,-0.74,-0.7,0.18,0.2
7.8,-0.74,-0.72,0.18,0.18
7.82,-0.74,-0.72,0.18,0.16
7.84,-0.76,-0.7,0.16,0.18
7.86,-0.76,-0.7,0.18,0.18
7.88,-0.76,-0.72,0.18,0.18
7.9,-0.76,-0.7,0.16,0.18
7.92,-0.76,-0.72,0.18,0.18
7.94,-0.76,-0.74,0.16,0.18
7.96,-0.78,-0.74,0.16,0.18
7.98,-0.78,-0.74,0.16,0.16
8.0,-0.76,-0.76,0.16,0.18
8.02,-0.76,-0.76,0.14,0.14
8.04,0.5,-0.74,-0.18,0.16
8.06,0.52,-0.76,-0.16,0.16
8.08,0.54,-0.76,-0.14,0.18
8.1,0.56,-0.74,-0.14,0.18
8.12,0.56,-0.76,-0.12,0.16
8.14,0.56,-0.76,-0.14,0.16
8.16,0.58,-0.76,-0.12,0.16
8.18,0.56,0.48,-0.14,-0.18
8.2,0.58,0.52,-0.12,-0.14
8.22,0.58,0.52,-0.14,-0.12
8.24,0.6,0.52,-0.1,-0.14
8.26,0.6,0.52,-0.12,-0.12
8.28,0.6,0.58,-0.1,-0.12
8.3,0.62,0.56,-0.1,-0.12
8.32,0.62,0.54,-0.12,-0.14
8.34,0.6,0.58,-0.1,-0.1
8.36,0.62,0.58,-0.1,-0.1
8.38,0.62,0.58,-0.12,-0.1
8.4,0.62,0.58,-0.1,-0.12
8.42,0.62,0.58,-0.12,-0.12
8.44,0.62,0.6,-0.08,-0.12
8.46,0.62,0.6,-0.1,-0.12
8.48,0.62,0.6,-0.1,-0.12
8.5,0.62,0.6,-0.1,-0.1
8.52,0.62,0.6,-0.12,-0.1
8.54,-0.66,0.62,0.24,-0.08
8.56,-0.68,0.62,0.22,-0.1
8.58,-0.7,0.6,0.2,-0.1
8.6,-0.7,0.62,0.2,-0.1
8.62,-0.72,0.62,0.2,-0.1
8.64,-0.72,0.64,0.2,-0.08
8.66,-0.72,0.62,0.18,-0.1
8.68,-0.74,-0.64,0.18,0.26
8.7,-0.76,-0.66,0.16,0.22
8.72,-0.74,-0.68,0.18,0.2
8.74,-0.74,-0.7,0.16,0.2
8.76,-0.76,-0.68,0.16,0.2
8.78,-0.74,-0.7,0.16,0.2
8.8,-0.74,-0.7,0.16,0.18
8.82,-0.74,-0.72,0.18,0.16
8.84,-0.74,-0.72,0.16,0.16
8.86,-0.74,-0.72,0.16,0.18
8.88,-0.76,-0.72,0.16,0.16
8.9,-0.78,-0.74,0.18,0.16
8.92,-0.74,-0.74,0.16,0.16
8.94,-0.76,-0.72,0.16,0.16
8.96,-0.78,-0.74,0.16,0.18
8.98,-0.78,-0.74,0.16,0.18
9.0,-0.76,-0.74,0.18,0.18
9.02,-0.78,-0.74,0.16,0.16
9.04,0.46,-0.74,-0.18,0.18
9.06,0.5,-0.74,-0.14,0.18
9.08,0.52,-0.74,-0.14,0.18
9.1,0.54,-0.76,-0.14,0.16
9.12,0.56,-0.76,-0.12,0.16
9.14,0.56,-0.76,-0.14,0.16
9.16,0.56,-0.76,-0.12,0.16
9.18,0.58,0.48,-0.14,-0.16
9.2,0.58,0.5,-0.1,-0.16
9.22,0.6,0.52,-0.12,-0.14
9.24,0.58,0.52,-0.12,-0.1
9.26,0.58,0.54,-0.12,-0.12
9.28,0.6,0.56,-0.08,-0.12
9.3,0.62,0.56,-0.12,-0.12
9.32,0.62,0.56,-0.1,-0.12
9.34,0.6,0.58,-0.1,-0.1
9.36,0.62,0.56,-0.1,-0.12
9.38,0.6,0.58,-0.14,-0.12
9.4,0.62,0.58,-0.1,-0.1
9.42,0.62,0.6,-0.1,-0.1
9.44,0.62,0.58,-0.1,-0.1
9.46,0.62,0.58,-0.1,-0.12
9.48,0.62,0.6,-0.12,-0.1
9.5,0.62,0.6,-0.1,-0.12
9.52,-0.46,0.62,0.42,-0.1
9.54,-0.64,0.62,0.22,-0.1
9.56,-0.7,0.6,0.22,-0.12
9.58,-0.68,0.62,0.2,-0.1
9.6,-0.7,0.62,0.2,-0.1
9.62,-0.72,0.62,0.18,-0.12
9.64,-0.72,0.62,0.18,-0.1
9.66,-0.72,0.64,0.18,-0.08
9.68,-0.74,-0.64,0.2,0.22
9.7,-0.74,-0.68,0.2,0.2
9.72,-0.74,-0.68,0.18,0.2
9.74,-0.72,-0.68,0.16,0.18
9.76,-0.76,-0.68,0.18,0.2
9.78,-0.78,-0.72,0.16,0.2
9.8,-0.74,-0.72,0.16,0.2
9.82,-0.76,-0.72,0.18,0.2
9.84,-0.76,-0.72,0.18,0.16
9.86,-0.74,-0.72,0.16,0.18
9.88,-0.76,-0.72,0.16,0.18
9.9,-0.78,-0.72,0.16,0.18
9.92,-0.76,-0.74,0.16,0.16
9.94,-0.78,-0.74,0.16,0.16
9.96,-0.76,-0.74,0.14,0.18
9.98,-0.78,-0.74,0.18,0.18
10.0,-0.78,-0.74,0.18,0.16
10.02,0.3,-0.76,-0.36,0.14
10.04,0.48,-0.74,-0.16,0.16
10.06,0.52,-0.74,-0.14,0.18
10.08,0.52,-0.76,-0.14,0.16
10.1,0.54,-0.76,-0.12,0.18
10.12,0.56,-0.74,-0.12,0.16
10.14,0.56,-0.76,-0.12,0.16
10.16,0.58,-0.74,-0.14,0.16
10.18,0.58,0.46,-0.12,-0.18
10.2,0.58,0.48,-0.12,-0.14
10.22,0.58,0.52,-0.12,-0.14
10.24,0.58,0.52,-0.12,-0.12
10.26,0.58,0.54,-0.12,-0.12
10.28,0.6,0.54,-0.1,-0.14
10.3,0.62,0.54,-0.1,-0.12
10.32,0.6,0.56,-0.12,-0.12
10.34,0.6,0.58,-0.14,-0.12
10.36,0.62,0.56,-0.12,-0.12
10.38,0.62,0.58,-0.08,-0.12
10.4,0.62,0.58,-0.1,-0.1
10.42,0.62,0.58,-0.1,-0.12
10.44,0.62,0.6,-0.12,-0.12
10.46,0.62,0.6,-0.1,-0.1
10.48,0.64,0.58,-0.08,-0.12
10.5,0.62,0.6,-0.1,-0.1
10.52,-0.52,0.6,0.36,-0.12
10.54,-0.66,0.6,0.24,-0.12
10.56,-0.68,0.58,0.2,-0.1
10.58,-0.7,0.62,0.22,-0.08
10.6,-0.7,0.6,0.2,-0.1
10.62,-0.72,0.62,0.2,-0.1
10.64,-0.72,0.62,0.2,-0.1
10.66,-0.74,0.64,0.2,-0.1
10.68,-0.72,-0.62,0.18,0.26
10.7,-0.72,-0.68,0.18,0.22
10.72,-0.74,-0.68,0.16,0.22
10.74,-0.74,-0.68,0.18,0.2
10.76,-0.76,-0.7,0.16,0.2
10.78,-0.76,-0.72,0.18,0.18
10.8,-0.76,-0.7,0.18,0.18
10.82,-0.76,-0.7,0.16,0.16
10.84,-0.76,-0.72,0.18,0.18
10.86,-0.76,-0.74,0.18,0.18
10.88,-0.78,-0.74,0.18,0.18
10.9,-0.76,-0.72,0.18,0.16
10.92,-0.76,-0.74,0.16,0.16
10.94,-0.76,-0.74,0.16,0.16
10.96,-0.78,-0.74,0.16,0.18
10.98,-0.78,-0.74,0.16,0.16
11.0,-0.78,-0.74,0.16,0.16
11.02,0.36,-0.74,-0.3,0.16
11.04,0.48,-0.74,-0.18,0.16
11.06,0.5,-0.74,-0.14,0.16
11.08,0.52,-0.74,-0.16,0.18
11.1,0.54,-0.76,-0.14,0.16
11.12,0.54,-0.74,-0.14,0.16
11.14,0.56,-0.76,-0.14,0.14
11.16,0.56,-0.76,-0.12,0.16
11.18,0.56,0.46,-0.12,-0.16
11.2,0.58,0.5,-0.12,-0.16
11.22,0.58,0.52,-0.12,-0.12
11.24,0.58,0.52,-0.14,-0.14
11.26,0.6,0.52,-0.12,-0.12
11.28,0.6,0.54,-0.1,-0.12
11.3,0.62,0.54,-0.1,-0.12
11.32,0.62,0.56,-0.12,-0.12
11.34,0.62,0.58,-0.1,-0.12
11.36,0.62,0.56,-0.1,-0.1
11.38,0.6,0.58,-0.1,-0.12
11.4,0.6,0.58,-0.1,-0.12
11.42,0.62,0.58,-0.12,-0.1
11.44,0.62,0.58,-0.12,-0.12
11.46,0.62,0.62,-0.12,-0.1
11.48,0.62,0.6,-0.12,-0.1
11.5,0.64,0.6,-0.12,-0.12
11.52,-0.54,0.6,0.34,-0.1
11.54,-0.66,0.62,0.22,-0.1
11.56,-0.68,0.62,0.22,-0.1
11.58,-0.7,0.62,0.2,-0.08
11.6,-0.72,0.6,0.18,-0.12
11.62,-0.72,0.6,0.2,-0.1
11.64,-0.72,0.62,0.2,-0.08
11.66,-0.72,0.64,0.18,-0.1
11.68,-0.72,-0.62,0.18,0.22
11.7,-0.74,-0.68,0.18,0.22
11.72,-0.74,-0.68,0.18,0.22
11.74,-0.74,-0.7,0.18,0.2
11.76,-0.74,-0.7,0.18,0.18
11.78,-0.74,-0.7,0.18,0.2
11.8,-0.76,-0.72,0.18,0.18
11.82,-0.76,-0.7,0.18,0.2
11.84,-0.74,-0.72,0.18,0.16
11.86,-0.76,-0.72,0.16,0.16
11.88,-0.76,-0.72,0.16,0.18
11.9,-0.78,-0.74,0.16,0.18
11.92,-0.76,-0.74,0.16,0.16
11.94,-0.76,-0.74,0.18,0.16
11.96,-0.78,-0.74,0.16,0.18
11.98,-0.78,-0.74,0.16,0.18
12.0,-0.78,-0.74,0.16,0.16
12.02,0.38,-0.74,-0.28,0.16
12.04,0.48,-0.74,-0.18,0.16
12.06,0.52,-0.74,-0.16,0.16
12.08,0.52,-0.74,-0.16,0.16
12.1,0.56,-0.76,-0.14,0.14
12.12,0.58,-0.78,-0.14,0.16
12.14,0.56,-0.76,-0.14,0.16
12.16,0.58,-0.74,-0.12,0.16
12.18,0.58,0.46,-0.1,-0.18
12.2,0.58,0.5,-0.12,-0.16
12.22,0.58,0.52,-0.12,-0.14
12.24,0.58,0.52,-0.1,-0.14
12.26,0.6,0.54,-0.12,-0.14
12.28,0.6,0.56,-0.12,-0.14
12.3,0.6,0.56,-0.12,-0.12
12.32,0.6,0.56,-0.12,-0.14
12.34,0.62,0.58,-0.12,-0.12
12.36,0.62,0.58,-0.1,-0.12
12.38,0.62,0.58,-0.1,-0.12
12.4,0.62,0.56,-0.1,-0.1
12.42,0.62,0.6,-0.12,-0.12
12.44,0.62,0.6,-0.12,-0.1
12.46,0.62,0.58,-0.1,-0.12
12.48,0.62,0.6,-0.12,-0.1
12.5,0.62,0.6,-0.08,-0.1
12.52,-0.56,0.58,0.32,-0.08
12.54,-0.66,0.6,0.22,-0.12
12.56,-0.7,0.62,0.22,-0.12
12.58,-0.68,0.62,0.2,-0.1
12.6,-0.7,0.62,0.22,-0.12
12.62,-0.72,0.62,0.2,-0.1
12.64,-0.72,0.64,0.18,-0.1
12.66,-0.74,0.62,0.2,-0.06
12.68,-0.72,-0.64,0.2,0.22
12.7,-0.74,-0.68,0.18,0.2
12.72,-0.72,-0.68,0.16,0.2
12.74,-0.74,-0.68,0.16,0.2
12.76,-0.74,-0.7,0.18,0.2
12.78,-0.74,-0.7,0.18,0.18
12.8,-0.74,-0.7,0.18,0.18
12.82,-0.76,-0.72,0.18,0.16
12.84,-0.76,-0.72,0.2,0.2
12.86,-0.76,-0.72,0.16,0.18
12.88,-0.76,-0.72,0.14,0.16
12.9,-0.76,-0.74,0.18,0.18
12.92,-0.76,-0.74,0.18,0.14
12.94,-0.76,-0.74,0.16,0.14
12.96,-0.8,-0.72,0.18,0.16
12.98,-0.76,-0.74,0.18,0.16
13.0,-0.78,-0.74,0.16,0.16
13.02,0.38,-0.76,-0.24,0.18
13.04,0.48,-0.76,-0.18,0.16
13.06,0.52,-0.76,-0.16,0.18
13.08,0.52,-0.76,-0.16,0.16
13.1,0.56,-0.74,-0.14,0.16
13.12,0.56,-0.74,-0.12,0.16
13.14,0.56,-0.74,-0.14,0.16
13.16,0.56,-0.76,-0.12,0.16
13.18,0.56,0.46,-0.14,-0.18
13.2,0.58,0.5,-0.1,-0.14
13.22,0.6,0.52,-0.12,-0.12
13.24,0.6,0.52,-0.12,-0.12
13.26,0.6,0.56,-0.12,-0.08
13.28,0.58,0.56,-0.1,-0.12
13.3,0.6,0.56,-0.12,-0.14
13.32,0.62,0.56,-0.08,-0.1
13.34,0.62,0.56,-0.1,-0.12
13.36,0.6,0.58,-0.1,-0.1
13.38,0.62,0.56,-0.1,-0.12
13.4,0.62,0.58,-0.12,-0.12
13.42,0.62,0.58,-0.1,-0.12
13.44,0.62,0.6,-0.1,-0.1
13.46,0.62,0.58,-0.1,-0.06
13.48,0.62,0.6,-0.1,-0.12
13.5,0.64,0.6,-0.1,-0.08
13.52,-0.58,0.6,0.3,-0.1
13.54,-0.66,0.6,0.22,-0.1
13.56,-0.68,0.62,0.22,-0.08
13.58,-0.7,0.62,0.2,-0.1
13.6,-0.72,0.62,0.2,-0.1
13.62,-0.7,0.62,0.2,-0.1
13.64,-0.72,0.64,0.18,-0.1
13.66,-0.72,0.64,0.2,-0.12
13.68,-0.74,-0.64,0.2,0.24
13.7,-0.74,-0.68,0.18,0.22
13.72,-0.72,-0.68,0.18,0.18
13.74,-0.74,-0.7,0.2,0.2
13.76,-0.76,-0.7,0.18,0.2
13.78,-0.76,-0.72,0.16,0.16
13.8,-0.74,-0.74,0.18,0.18
13.82,-0.76,-0.72,0.18,0.18
13.84,-0.74,-0.74,0.14,0.2
13.86,-0.78,-0.72,0.16,0.18
13.88,-0.76,-0.72,0.2,0.16
13.9,-0.76,-0.72,0.16,0.18
13.92,-0.76,-0.74,0.16,0.16
13.94,-0.76,-0.72,0.2,0.16
13.96,-0.78,-0.74,0.14,0.18
13.98,-0.78,-0.72,0.16,0.16
14.0,-0.78,-0.74,0.16,0.18
14.02,0.4,-0.76,-0.24,0.16
14.04,0.48,-0.76,-0.18,0.18
14.06,0.52,-0.74,-0.14,0.16
14.08,0.52,-0.74,-0.14,0.16
14.1,0.54,-0.76,-0.14,0.16
14.12,0.58,-0.76,-0.12,0.16
14.14,0.56,-0.74,-0.14,0.16
14.16,0.58,-0.76,-0.12,0.16
14.18,0.58,0.46,-0.12,-0.18
14.2,0.58,0.5,-0.12,-0.14
14.22,0.6,0.52,-0.12,-0.14
14.24,0.6,0.52,-0.12,-0.14
14.26,0.58,0.56,-0.14,-0.14
14.28,0.6,0.54,-0.12,-0.14
14.3,0.6,0.58,-0.1,-0.12
14.32,0.6,0.56,-0.1,-0.14
14.34,0.6,0.58,-0.12,-0.12
14.36,0.62,0.58,-0.1,-0.08
14.38,0.62,0.58,-0.12,-0.12
14.4,0.62,0.58,-0.1,-0.12
14.42,0.62,0.58,-0.1,-0.1
14.44,0.62,0.6,-0.12,-0.1
14.46,0.64,0.6,-0.12,-0.1
14.48,0.62,0.6,-0.08,-0.1
14.5,0.62,0.62,-0.08,-0.1
14.52,-0.58,0.62,0.3,-0.1
14.54,-0.66,0.6,0.22,-0.1
14.56,-0.68,0.62,0.22,-0.1
14.58,-0.7,0.62,0.2,-0.1
14.6,-0.7,0.62,0.22,-0.06
14.62,-0.72,0.62,0.18,-0.08
14.64,-0.72,0.62,0.2,-0.08
14.66,-0.72,0.62,0.18,-0.12
14.68,-0.74,-0.62,0.18,0.22
14.7,-0.74,-0.66,0.2,0.2
14.72,-0.74,-0.66,0.18,0.2
14.74,-0.76,-0.7,0.18,0.18
14.76,-0.74,-0.7,0.16,0.18
14.78,-0.76,-0.72,0.18,0.18
14.8,-0.74,-0.74,0.18,0.16
14.82,-0.76,-0.72,0.16,0.2
14.84,-0.76,-0.72,0.16,0.18
14.86,-0.76,-0.72,0.18,0.16
14.88,-0.76,-0.72,0.16,0.16
14.9,-0.76,-0.72,0.16,0.18
14.92,-0.78,-0.72,0.14,0.18
14.94,-0.74,-0.74,0.16,0.16
14.96,-0.78,-0.74,0.16,0.16
14.98,-0.76,-0.74,0.2,0.16
15.0,-0.78,-0.74,0.16,0.18
15.02,0.42,-0.74,-0.24,0.18
15.04,0.5,-0.74,-0.18,0.16
15.06,0.52,-0.74,-0.14,0.14
15.08,0.52,-0.76,-0.14,0.16
15.1,0.54,-0.74,-0.14,0.16
15.12,0.56,-0.76,-0.12,0.18
15.14,0.58,-0.76,-0.14,0.14
15.16,0.58,-0.74,-0.12,0.14
15.18,0.58,0.46,-0.12,-0.18
15.2,0.58,0.5,-0.12,-0.16
15.22,0.58,0.52,-0.12,-0.14
15.24,0.58,0.54,-0.12,-0.14
15.26,0.58,0.54,-0.12,-0.14
15.28,0.6,0.54,-0.12,-0.14
15.3,0.6,0.56,-0.12,-0.12
15.32,0.6,0.56,-0.1,-0.12
15.34,0.62,0.56,-0.12,-0.12
15.36,0.62,0.58,-0.12,-0.12
15.38,0.62,0.58,-0.12,-0.12
15.4,0.62,0.58,-0.12,-0.08
15.42,0.62,0.6,-0.08,-0.12
15.44,0.62,0.58,-0.1,-0.1
15.46,0.64,0.6,-0.1,-0.14
15.48,0.64,0.62,-0.1,-0.12
15.5,0.64,0.6,-0.08,-0.1
15.52,-0.58,0.6,0.3,-0.1
15.54,-0.68,0.62,0.22,-0.12
15.56,-0.68,0.62,0.22,-0.1
15.58,-0.68,0.6,0.2,-0.1
15.6,-0.72,0.62,0.2,-0.12
15.62,-0.72,0.62,0.18,-0.1
15.64,-0.72,0.62,0.22,-0.12
15.66,-0.72,0.62,0.18,-0.1
15.68,-0.74,-0.64,0.18,0.22
15.7,-0.76,-0.68,0.2,0.2
15.72,-0.74,-0.68,0.18,0.2
15.74,-0.74,-0.68,0.16,0.18
15.76,-0.74,-0.7,0.16,0.18
15.78,-0.74,-0.7,0.18,0.2
15.8,-0.74,-0.72,0.18,0.18
15.82,-0.74,-0.72,0.2,0.18
15.84,-0.74,-0.72,0.16,0.18
15.86,-0.76,-0.7,0.16,0.18
15.88,-0.76,-0.72,0.18,0.18
15.9,-0.76,-0.72,0.18,0.14
15.92,-0.76,-0.72,0.16,0.18
15.94,-0.76,-0.74,0.18,0.16
15.96,-0.78,-0.76,0.16,0.14
15.98,-0.78,-0.74,0.18,0.16
16.0,-0.78,-0.74,0.16,0.16
16.02,0.4,-0.74,-0.22,0.16
16.04,0.52,-0.76,-0.18,0.16
16.06,0.52,-0.76,-0.14,0.16
16.08,0.52,-0.76,-0.12,0.18
16.1,0.54,-0.76,-0.16,0.16
16.12,0.56,-0.76,-0.14,0.16
16.14,0.56,-0.76,-0.12,0.14
16.16,0.58,-0.74,-0.12,0.16
16.18,0.58,0.46,-0.1,-0.18
16.2,0.58,0.5,-0.12,-0.14
16.22,0.58,0.52,-0.1,-0.14
16.24,0.6,0.52,-0.12,-0.12
16.26,0.6,0.52,-0.12,-0.12
16.28,0.62,0.54,-0.12,-0.14
16.3,0.6,0.56,-0.12,-0.12
16.32,0.62,0.56,-0.12,-0.14
16.34,0.62,0.58,-0.14,-0.14
16.36,0.62,0.58,-0.1,-0.12
16.38,0.6,0.58,-0.1,-0.1
16.4,0.62,0.58,-0.1,-0.12
16.42,0.62,0.6,-0.1,-0.12
16.44,0.62,0.6,-0.08,-0.12
16.46,0.62,0.6,-0.12,-0.1
16.48,0.64,0.58,-0.1,-0.1
16.5,0.64,0.62,-0.1,-0.1
16.52,-0.58,0.6,0.3,-0.1
16.54,-0.68,0.62,0.24,-0.08
16.56,-0.68,0.62,0.22,-0.12
16.58,-0.7,0.62,0.22,-0.08
16.6,-0.7,0.62,0.18,-0.1
16.62,-0.7,0.62,0.2,-0.1
16.64,-0.72,0.62,0.2,-0.12
16.66,-0.74,0.62,0.16,-0.12
16.68,-0.72,-0.64,0.2,0.22
16.7,-0.72,-0.68,0.18,0.2
16.72,-0.74,-0.68,0.2,0.2
16.74,-0.76,-0.7,0.16,0.2
16.76,-0.74,-0.7,0.18,0.16
16.78,-0.76,-0.72,0.18,0.2
16.8,-0.74,-0.72,0.18,0.18
16.82,-0.76,-0.7,0.18,0.18
16.84,-0.76,-0.7,0.16,0.18
16.86,-0.76,-0.72,0.18,0.18
16.88,-0.74,-0.72,0.16,0.18
16.9,-0.76,-0.74,0.16,0.18
16.92,-0.76,-0.74,0.18,0.18
16.94,-0.78,-0.72,0.16,0.16
16.96,-0.78,-0.74,0.16,0.16
16.98,-0.76,-0.74,0.16,0.16
17.0,-0.78,-0.74,0.16,0.16
17.02,0.42,-0.74,-0.26,0.16
17.04,0.5,-0.74,-0.18,0.2
17.06,0.5,-0.76,-0.14,0.16
17.08,0.54,-0.74,-0.14,0.16
17.1,0.56,-0.76,-0.12,0.16
17.12,0.56,-0.74,-0.12,0.18
17.14,0.56,-0.76,-0.12,0.14
17.16,0.56,-0.76,-0.14,0.16
17.18,0.58,0.46,-0.12,-0.14
17.2,0.58,0.5,-0.12,-0.16
17.22,0.6,0.52,-0.12,-0.12
17.24,0.6,0.54,-0.14,-0.14
17.26,0.58,0.52,-0.12,-0.12
17.28,0.6,0.54,-0.12,-0.12
17.3,0.6,0.56,-0.12,-0.12
17.32,0.62,0.58,-0.1,-0.12
17.34,0.62,0.58,-0.1,-0.12
17.36,0.62,0.58,-0.12,-0.1
17.38,0.62,0.58,-0.1,-0.1
17.4,0.62,0.58,-0.1,-0.1
17.42,0.64,0.58,-0.12,-0.1
17.44,0.62,0.6,-0.1,-0.12
17.46,0.62,0.58,-0.1,-0.1
17.48,0.62,0.62,-0.1,-0.08
17.5,0.64,0.6,-0.12,-0.1
17.52,-0.58,0.62,0.26,-0.1
17.54,-0.68,0.6,0.22,-0.12
17.56,-0.68,0.62,0.2,-0.1
17.58,-0.7,0.62,0.2,-0.08
17.6,-0.72,0.6,0.2,-0.1
17.62,-0.72,0.62,0.2,-0.1
17.64,-0.72,0.62,0.18,-0.12
17.66,-0.72,0.62,0.16,-0.1
17.68,-0.72,-0.64,0.18,0.22
17.7,-0.76,-0.66,0.18,0.2
17.72,-0.74,-0.7,0.18,0.18
17.74,-0.74,-0.68,0.18,0.2
17.76,-0.74,-0.68,0.18,0.18
17.78,-0.76,-0.72,0.16,0.16
17.8,-0.76,-0.7,0.16,0.18
17.82,-0.76,-0.7,0.16,0.18
17.84,-0.76,-0.74,0.18,0.18
17.86,-0.76,-0.72,0.16,0.18
17.88,-0.76,-0.74,0.18,0.18
17.9,-0.74,-0.74,0.2,0.18
17.92,-0.76,-0.74,0.18,0.16
17.94,-0.76,-0.72,0.18,0.16
17.96,-0.78,-0.72,0.16,0.18
17.98,-0.76,-0.74,0.16,0.14
18.0,-0.78,-0.74,0.16,0.18
18.02,0.44,-0.74,-0.22,0.16
18.04,0.48,-0.74,-0.14,0.16
18.06,0.52,-0.74,-0.14,0.16
18.08,0.52,-0.74,-0.16,0.16
18.1,0.54,-0.76,-0.12,0.16
18.12,0.54,-0.74,-0.14,0.16
18.14,0.58,-0.76,-0.14,0.16
18.16,0.58,-0.74,-0.14,0.16
18.18,0.56,0.46,-0.14,-0.18
18.2,0.58,0.5,-0.1,-0.14
18.22,0.58,0.52,-0.1,-0.14
18.24,0.62,0.54,-0.12,-0.12
18.26,0.6,0.52,-0.12,-0.14
18.28,0.58,0.56,-0.12,-0.12
18.3,0.6,0.56,-0.1,-0.12
18.32,0.62,0.56,-0.12,-0.1
18.34,0.64,0.58,-0.1,-0.1
18.36,0.62,0.58,-0.1,-0.12
18.38,0.62,0.58,-0.12,-0.12
18.4,0.62,0.58,-0.1,-0.12
18.42,0.64,0.6,-0.1,-0.1
18.44,0.62,0.6,-0.12,-0.1
18.46,0.64,0.6,-0.1,-0.12
18.48,0.64,0.6,-0.1,-0.1
18.5,0.62,0.6,-0.12,-0.08
18.52,-0.6,0.62,0.28,-0.1
18.54,-0.66,0.6,0.22,-0.1
18.56,-0.7,0.62,0.22,-0.1
18.58,-0.7,0.6,0.2,-0.1
18.6,-0.7,0.62,0.2,-0.12
18.62,-0.72,0.62,0.2,-0.08
18.64,-0.72,0.6,0.18,-0.08
18.66,-0.74,0.62,0.16,-0.08
18.68,-0.74,-0.64,0.18,0.22
18.7,-0.76,-0.66,0.2,0.22
18.72,-0.74,-0.68,0.18,0.22
18.74,-0.74,-0.7,0.16,0.2
18.76,-0.76,-0.7,0.16,0.18
18.78,-0.74,-0.7,0.18,0.16
18.8,-0.74,-0.72,0.18,0.18
18.82,-0.74,-0.72,0.16,0.18
18.84,-0.74,-0.72,0.18,0.18
18.86,-0.76,-0.72,0.14,0.18
18.88,-0.76,-0.72,0.18,0.16
18.9,-0.76,-0.74,0.18,0.16
18.92,-0.76,-0.74,0.16,0.16
18.94,-0.78,-0.74,0.16,0.18
18.96,-0.76,-0.74,0.16,0.16
18.98,-0.78,-0.76,0.18,0.2
19.0,-0.78,-0.74,0.16,0.18
19.02,0.42,-0.74,-0.22,0.16
19.04,0.5,-0.74,-0.16,0.16
19.06,0.5,-0.76,-0.12,0.16
19.08,0.52,-0.78,-0.14,0.16
19.1,0.54,-0.76,-0.14,0.16
19.12,0.58,-0.74,-0.14,0.18
19.14,0.58,-0.76,-0.12,0.14
19.16,0.56,-0.76,-0.12,0.16
19.18,0.58,0.48,-0.12,-0.14
19.2,0.58,0.5,-0.12,-0.14
19.22,0.58,0.52,-0.12,-0.14
19.24,0.58,0.52,-0.12,-0.14
19.26,0.58,0.54,-0.1,-0.14
19.28,0.6,0.54,-0.12,-0.1
19.3,0.6,0.56,-0.12,-0.12
19.32,0.62,0.58,-0.1,-0.14
19.34,0.62,0.58,-0.12,-0.12
19.36,0.6,0.58,-0.12,-0.1
19.38,0.6,0.58,-0.1,-0.14
19.4,0.62,0.6,-0.1,-0.08
19.42,0.6,0.6,-0.1,-0.12
19.44,0.64,0.58,-0.1,-0.1
19.46,0.64,0.6,-0.08,-0.1
19.48,0.62,0.6,-0.12,-0.12
19.5,0.64,0.62,-0.1,-0.1
19.52,-0.6,0.6,0.26,-0.14
19.54,-0.66,0.6,0.24,-0.12
19.56,-0.68,0.6,0.2,-0.1
19.58,-0.72,0.62,0.22,-0.08
19.6,-0.7,0.6,0.2,-0.1
19.62,-0.72,0.62,0.18,-0.12
19.64,-0.72,0.62,0.2,-0.1
19.66,-0.72,0.62,0.18,-0.1
19.68,-0.72,-0.64,0.16,0.22
19.7,-0.74,-0.68,0.18,0.2
19.72,-0.74,-0.68,0.16,0.22
19.74,-0.74,-0.7,0.18,0.2
19.76,-0.74,-0.7,0.16,0.18
19.78,-0.74,-0.7,0.18,0.2
19.8,-0.74,-0.7,0.18,0.2
19.82,-0.74,-0.72,0.18,0.18
19.84,-0.74,-0.74,0.18,0.18
19.86,-0.76,-0.72,0.16,0.18
19.88,-0.76,-0.74,0.18,0.18
19.9,-0.76,-0.72,0.16,0.16
19.92,-0.76,-0.74,0.18,0.18
19.94,-0.78,-0.72,0.18,0.16
19.96,-0.76,-0.74,0.16,0.16
19.98,-0.76,-0.74,0.16,0.16
20.0,-0.76,-0.74,0.16,0.16
20.02,0.42,-0.74,-0.22,0.18
20.04,0.5,-0.76,-0.16,0.16
20.06,0.54,-0.76,-0.14,0.16
20.08,0.54,-0.74,-0.14,0.2
20.1,0.54,-0.74,-0.14,0.18
20.12,0.56,-0.74,-0.14,0.16
20.14,0.56,-0.76,-0.14,0.14
20.16,0.58,-0.76,-0.12,0.16
20.18,0.6,0.48,-0.12,-0.14
20.2,0.58,0.52,-0.1,-0.14
20.22,0.58,0.52,-0.12,-0.14
20.24,0.6,0.52,-0.12,-0.14
20.26,0.58,0.54,-0.12,-0.12
20.28,0.62,0.54,-0.12,-0.12
20.3,0.6,0.56,-0.12,-0.12
20.32,0.6,0.56,-0.12,-0.14
20.34,0.62,0.58,-0.1,-0.12
20.36,0.62,0.56,-0.12,-0.12
20.38,0.62,0.58,-0.1,-0.12
20.4,0.6,0.58,-0.12,-0.12
20.42,0.64,0.6,-0.12,-0.1
20.44,0.62,0.6,-0.12,-0.1
20.46,0.62,0.6,-0.1,-0.1
20.48,0.62,0.6,-0.1,-0.12
20.5,0.64,0.6,-0.12,-0.1
20.52,-0.62,0.62,0.28,-0.12
20.54,-0.66,0.6,0.22,-0.1
20.56,-0.68,0.6,0.2,-0.12
20.58,-0.7,0.62,0.2,-0.12
20.6,-0.7,0.62,0.2,-0.1
20.62,-0.7,0.62,0.16,-0.08
20.64,-0.72,0.64,0.2,-0.12
20.66,-0.74,0.62,0.18,-0.1
20.68,-0.74,-0.66,0.16,0.2
20.7,-0.72,-0.68,0.2,0.22
20.72,-0.74,-0.68,0.16,0.2
20.74,-0.74,-0.7,0.18,0.2
20.76,-0.76,-0.7,0.18,0.2
20.78,-0.76,-0.7,0.18,0.2
20.8,-0.76,-0.7,0.18,0.18
20.82,-0.76,-0.72,0.16,0.18
20.84,-0.74,-0.72,0.16,0.18
20.86,-0.76,-0.74,0.16,0.18
20.88,-0.76,-0.72,0.16,0.18
20.9,-0.76,-0.72,0.16,0.16
20.92,-0.76,-0.74,0.16,0.16
20.94,-0.76,-0.74,0.16,0.18
20.96,-0.78,-0.74,0.16,0.16
20.98,-0.78,-0.74,0.18,0.18
21.0,-0.78,-0.74,0.14,0.16
21.02,0.44,-0.74,-0.22,0.16
21.04,0.48,-0.76,-0.18,0.16
21.06,0.54,-0.76,-0.14,0.16
21.08,0.52,-0.76,-0.16,0.14
21.1,0.54,-0.74,-0.14,0.16
21.12,0.56,-0.74,-0.12,0.16
21.14,0.56,-0.76,-0.12,0.14
21.16,0.58,-0.78,-0.12,0.16
21.18,0.58,0.48,-0.12,-0.14
21.2,0.58,0.5,-0.12,-0.16
21.22,0.58,0.52,-0.12,-0.14
21.24,0.6,0.52,-0.12,-0.12
21.26,0.6,0.54,-0.12,-0.12
21.28,0.6,0.56,-0.12,-0.12
21.3,0.6,0.58,-0.1,-0.12
21.32,0.62,0.56,-0.12,-0.12
21.34,0.6,0.58,-0.12,-0.12
21.36,0.62,0.58,-0.08,-0.12
21.38,0.6,0.58,-0.1,-0.12
21.4,0.62,0.6,-0.14,-0.12
21.42,0.62,0.6,-0.12,-0.12
21.44,0.64,0.6,-0.12,-0.12
21.46,0.62,0.58,-0.1,-0.08
21.48,0.62,0.6,-0.12,-0.08
21.5,0.64,0.6,-0.1,-0.12
21.52,-0.62,0.6,0.26,-0.1
21.54,-0.66,0.62,0.22,-0.1
21.56,-0.68,0.62,0.2,-0.1
21.58,-0.7,0.6,0.2,-0.12
21.6,-0.7,0.62,0.2,-0.1
21.62,-0.72,0.62,0.2,-0.12
21.64,-0.72,0.62,0.2,-0.1
21.66,-0.72,0.62,0.2,-0.08
21.68,-0.72,-0.66,0.2,0.22
21.7,-0.74,-0.68,0.16,0.22
21.72,-0.74,-0.68,0.2,0.18
21.74,-0.74,-0.68,0.18,0.2
21.76,-0.74,-0.7,0.16,0.18
21.78,-0.74,-0.7,0.18,0.2
21.8,-0.76,-0.7,0.16,0.18
21.82,-0.76,-0.72,0.16,0.16
21.84,-0.76,-0.72,0.18,0.18
21.86,-0.74,-0.74,0.18,0.16
21.88,-0.78,-0.74,0.16,0.16
21.9,-0.76,-0.74,0.16,0.18
21.92,-0.76,-0.72,0.16,0.16
21.94,-0.76,-0.74,0.18,0.16
21.96,-0.76,-0.74,0.18,0.16
21.98,-0.78,-0.74,0.14,0.18
22.0,-0.78,-0.74,0.16,0.16
22.02,0.44,-0.74,-0.22,0.14
22.04,0.5,-0.72,-0.18,0.16
22.06,0.52,-0.74,-0.14,0.18
22.08,0.54,-0.76,-0.14,0.18
22.1,0.52,-0.74,-0.14,0.16
22.12,0.56,-0.76,-0.12,0.14
22.14,0.58,-0.78,-0.12,0.16
22.16,0.58,-0.78,-0.1,0.12
22.18,0.56,0.48,-0.12,-0.16
22.2,0.58,0.5,-0.14,-0.16
22.22,0.56,0.54,-0.1,-0.16
22.24,0.58,0.52,-0.12,-0.14
22.26,0.6,0.54,-0.1,-0.12
22.28,0.6,0.54,-0.12,-0.14
22.3,0.6,0.56,-0.12,-0.12
22.32,0.58,0.56,-0.12,-0.12
22.34,0.62,0.56,-0.1,-0.14
22.36,0.6,0.58,-0.12,-0.1
22.38,0.62,0.58,-0.12,-0.12
22.4,0.62,0.58,-0.1,-0.1
22.42,0.62,0.58,-0.1,-0.12
22.44,0.62,0.58,-0.1,-0.08
22.46,0.62,0.62,-0.1,-0.1
22.48,0.64,0.6,-0.12,-0.1
22.5,0.62,0.6,-0.1,-0.08
22.52,-0.62,0.62,0.26,-0.12
22.54,-0.66,0.6,0.22,-0.1
22.56,-0.68,0.62,0.22,-0.1
22.58,-0.7,0.62,0.2,-0.12
22.6,-0.72,0.62,0.18,-0.1
22.62,-0.72,0.62,0.16,-0.1
22.64,-0.72,0.62,0.2,-0.1
22.66,-0.74,-0.4,0.2,0.44
22.68,-0.72,-0.64,0.18,0.24
22.7,-0.74,-0.68,0.18,0.22
22.72,-0.76,-0.68,0.16,0.2
22.74,-0.74,-0.68,0.2,0.2
22.76,-0.74,-0.7,0.16,0.18
22.78,-0.74,-0.7,0.16,0.18
22.8,-0.74,-0.72,0.18,0.18
22.82,-0.74,-0.72,0.2,0.16
22.84,-0.76,-0.72,0.16,0.16
22.86,-0.74,-0.72,0.18,0.18
22.88,-0.74,-0.74,0.2,0.16
22.9,-0.76,-0.74,0.16,0.18
22.92,-0.76,-0.72,0.16,0.16
22.94,-0.76,-0.76,0.18,0.16
22.96,-0.76,-0.76,0.16,0.16
22.98,-0.78,-0.74,0.16,0.16
23.0,-0.78,-0.74,0.16,0.16
23.02,0.44,-0.76,-0.22,0.16
23.04,0.5,-0.74,-0.16,0.14
23.06,0.52,-0.76,-0.14,0.14
23.08,0.54,-0.76,-0.14,0.16
23.1,0.54,-0.74,-0.14,0.16
23.12,0.54,-0.74,-0.1,0.16
23.14,0.56,-0.76,-0.12,0.16
23.16,0.56,-0.78,-0.12,0.16
23.18,0.58,0.5,-0.12,-0.16
23.2,0.58,0.5,-0.14,-0.14
23.22,0.58,0.52,-0.12,-0.14
23.24,0.58,0.54,-0.12,-0.14
23.26,0.58,0.54,-0.12,-0.14
23.28,0.58,0.56,-0.12,-0.14
23.3,0.6,0.56,-0.12,-0.12
23.32,0.62,0.58,-0.12,-0.14
23.34,0.62,0.56,-0.12,-0.12
23.36,0.64,0.58,-0.1,-0.12
23.38,0.62,0.58,-0.12,-0.12
23.4,0.62,0.58,-0.1,-0.12
23.42,0.62,0.58,-0.12,-0.12
23.44,0.62,0.6,-0.1,-0.1
23.46,0.62,0.6,-0.12,-0.1
23.48,0.64,0.6,-0.12,-0.1
23.5,0.62,0.6,-0.12,-0.1
23.52,-0.62,0.6,0.26,-0.12
23.54,-0.66,0.62,0.22,-0.12
23.56,-0.68,0.6,0.2,-0.12
23.58,-0.7,0.62,0.22,-0.1
23.6,-0.7,0.6,0.2,-0.08
23.62,-0.72,0.62,0.18,-0.1
23.64,-0.72,0.62,0.2,-0.1
23.66,-0.74,-0.5,0.18,0.36
23.68,-0.74,-0.66,0.16,0.22
23.7,-0.74,-0.68,0.16,0.2
23.72,-0.74,-0.68,0.18,0.2
23.74,-0.76,-0.68,0.18,0.2
23.76,-0.74,-0.7,0.2,0.2
23.78,-0.74,-0.7,0.18,0.18
23.8,-0.76,-0.7,0.16,0.2
23.82,-0.76,-0.7,0.16,0.18
23.84,-0.76,-0.72,0.18,0.16
23.86,-0.76,-0.72,0.16,0.16
23.88,-0.78,-0.74,0.18,0.16
23.9,-0.76,-0.74,0.16,0.16
23.92,-0.78,-0.74,0.16,0.18
23.94,-0.78,-0.74,0.16,0.18
23.96,-0.78,-0.74,0.18,0.16
23.98,-0.78,-0.74,0.18,0.16
24.0,-0.76,-0.74,0.16,0.18
24.02,0.44,-0.74,-0.2,0.16
24.04,0.5,-0.76,-0.16,0.16
24.06,0.5,-0.74,-0.18,0.16
24.08,0.54,-0.76,-0.14,0.16
24.1,0.54,-0.74,-0.14,0.16
24.12,0.54,-0.76,-0.12,0.14
24.14,0.58,-0.74,-0.12,0.14
24.16,0.56,0.32,-0.1,-0.32
24.18,0.58,0.46,-0.12,-0.16
24.2,0.58,0.5,-0.12,-0.16
24.22,0.58,0.52,-0.12,-0.14
24.24,0.6,0.54,-0.14,-0.16
24.26,0.58,0.54,-0.12,-0.12
24.28,0.62,0.56,-0.12,-0.12
24.3,0.6,0.56,-0.12,-0.1
24.32,0.62,0.58,-0.1,-0.12
24.34,0.62,0.58,-0.12,-0.12
24.36,0.62,0.58,-0.1,-0.12
24.38,0.62,0.58,-0.1,-0.1
24.4,0.62,0.58,-0.1,-0.12
24.42,0.62,0.58,-0.08,-0.08
24.44,0.62,0.6,-0.1,-0.1
24.46,0.62,0.58,-0.1,-0.12
24.48,0.62,0.6,-0.08,-0.1
24.5,0.64,0.6,-0.1,-0.1
24.52,-0.62,0.6,0.26,-0.08
24.54,-0.68,0.62,0.22,-0.12
24.56,-0.68,0.6,0.2,-0.12
24.58,-0.7,0.6,0.2,-0.1
24.6,-0.72,0.6,0.18,-0.08
24.62,-0.72,0.62,0.18,-0.08
24.64,-0.74,0.62,0.2,-0.08
24.66,-0.72,-0.5,0.18,0.32
24.68,-0.72,-0.64,0.18,0.24
24.7,-0.74,-0.68,0.16,0.22
24.72,-0.72,-0.68,0.16,0.22
24.74,-0.74,-0.7,0.18,0.18
24.76,-0.74,-0.7,0.2,0.16
24.78,-0.74,-0.7,0.16,0.2
24.8,-0.74,-0.7,0.18,0.18
24.82,-0.74,-0.7,0.18,0.18
24.84,-0.74,-0.74,0.16,0.2
24.86,-0.74,-0.72,0.16,0.16
24.88,-0.76,-0.7,0.16,0.18
24.9,-0.76,-0.72,0.16,0.18
24.92,-0.76,-0.74,0.16,0.16
24.94,-0.76,-0.74,0.16,0.16
24.96,-0.76,-0.74,0.14,0.16
24.98,-0.78,-0.74,0.16,0.16
25.0,-0.78,-0.74,0.16,0.16
25.02,0.44,-0.74,-0.22,0.14
25.04,0.5,-0.74,-0.16,0.16
25.06,0.54,-0.74,-0.14,0.2
25.08,0.54,-0.74,-0.12,0.16
25.1,0.54,-0.76,-0.14,0.16
25.12,0.56,-0.76,-0.12,0.14
25.14,0.54,-0.76,-0.12,0.18
25.16,0.58,0.32,-0.14,-0.28
25.18,0.58,0.46,-0.12,-0.16
25.2,0.58,0.52,-0.14,-0.16
25.22,0.58,0.52,-0.12,-0.14
25.24,0.58,0.54,-0.12,-0.12
25.26,0.6,0.54,-0.12,-0.14
25.28,0.6,0.56,-0.1,-0.12
25.3,0.58,0.58,-0.12,-0.1
25.32,0.58,0.58,-0.1,-0.12
25.34,0.6,0.58,-0.1,-0.12
25.36,0.6,0.6,-0.12,-0.12
25.38,0.62,0.58,-0.1,-0.1
25.4,0.62,0.56,-0.12,-0.1
25.42,0.62,0.58,-0.12,-0.1
25.44,0.62,0.6,-0.08,-0.1
25.46,0.64,0.58,-0.1,-0.12
25.48,0.62,0.6,-0.12,-0.12
25.5,0.64,0.6,-0.1,-0.12
25.52,-0.62,0.6,0.24,-0.08
25.54,-0.68,0.6,0.22,-0.1
25.56,-0.68,0.58,0.2,-0.12
25.58,-0.7,0.62,0.22,-0.08
25.6,-0.7,0.62,0.2,-0.12
25.62,-0.72,0.62,0.2,-0.1
25.64,-0.72,0.62,0.18,-0.1
25.66,-0.72,-0.52,0.2,0.34
25.68,-0.74,-0.64,0.2,0.24
25.7,-0.74,-0.68,0.16,0.2
25.72,-0.74,-0.7,0.2,0.2
25.74,-0.74,-0.7,0.18,0.2
25.76,-0.74,-0.72,0.18,0.2
25.78,-0.74,-0.7,0.2,0.2
25.8,-0.74,-0.7,0.16,0.18
25.82,-0.76,-0.7,0.18,0.16
25.84,-0.76,-0.72,0.18,0.18
25.86,-0.74,-0.74,0.18,0.18
25.88,-0.74,-0.72,0.16,0.18
25.9,-0.78,-0.74,0.16,0.16
25.92,-0.76,-0.74,0.18,0.14
25.94,-0.76,-0.74,0.16,0.16
25.96,-0.78,-0.74,0.16,0.16
25.98,-0.76,-0.74,0.16,0.18
26.0,-0.78,-0.72,0.16,0.18
26.02,0.46,-0.74,-0.18,0.16
26.04,0.48,-0.74,-0.18,0.16
26.06,0.52,-0.76,-0.14,0.16
26.08,0.56,-0.74,-0.14,0.16
26.1,0.54,-0.76,-0.14,0.16
26.12,0.54,-0.74,-0.12,0.16
26.14,0.56,-0.78,-0.14,0.16
26.16,0.56,0.36,-0.12,-0.28
26.18,0.6,0.48,-0.14,-0.16
26.2,0.58,0.52,-0.1,-0.16
26.22,0.58,0.54,-0.12,-0.14
26.24,0.6,0.54,-0.12,-0.14
26.26,0.58,0.56,-0.1,-0.12
26.28,0.62,0.54,-0.12,-0.12
26.3,0.6,0.56,-0.12,-0.12
26.32,0.6,0.58,-0.1,-0.12
26.34,0.62,0.58,-0.12,-0.1
26.36,0.62,0.58,-0.12,-0.12
26.38,0.62,0.58,-0.12,-0.12
26.4,0.62,0.6,-0.08,-0.1
26.42,0.62,0.6,-0.12,-0.1
26.44,0.62,0.58,-0.08,-0.12
26.46,0.62,0.58,-0.1,-0.1
26.48,0.62,0.62,-0.1,-0.1
26.5,0.62,0.6,-0.1,-0.1
26.52,-0.62,0.6,0.26,-0.12
26.54,-0.68,0.62,0.22,-0.1
26.56,-0.68,0.62,0.22,-0.12
26.58,-0.7,0.62,0.2,-0.1
26.6,-0.7,0.62,0.2,-0.12
26.62,-0.7,0.62,0.2,-0.1
26.64,-0.72,0.64,0.16,-0.1
26.66,-0.72,-0.56,0.2,0.32
26.68,-0.72,-0.64,0.2,0.2
26.7,-0.74,-0.68,0.18,0.2
26.72,-0.74,-0.68,0.18,0.2
26.74,-0.74,-0.7,0.16,0.2
26.76,-0.74,-0.7,0.18,0.18
26.78,-0.74,-0.72,0.18,0.18
26.8,-0.74,-0.7,0.16,0.18
26.82,-0.74,-0.72,0.16,0.18
26.84,-0.76,-0.72,0.16,0.18
26.86,-0.76,-0.72,0.18,0.16
26.88,-0.76,-0.72,0.16,0.16
26.9,-0.78,-0.74,0.18,0.16
26.92,-0.78,-0.72,0.16,0.18
26.94,-0.76,-0.74,0.18,0.16
26.96,-0.76,-0.74,0.18,0.16
26.98,-0.78,-0.74,0.16,0.16
27.0,-0.76,-0.74,0.18,0.18
27.02,0.46,-0.76,-0.18,0.18
27.04,0.52,-0.74,-0.16,0.18
27.06,0.52,-0.76,-0.16,0.16
27.08,0.54,-0.74,-0.16,0.16
27.1,0.56,-0.76,-0.14,0.16
27.12,0.56,-0.76,-0.14,0.16
27.14,0.56,-0.76,-0.14,0.16
27.16,0.58,0.36,-0.12,-0.28
27.18,0.58,0.46,-0.1,-0.16
27.2,0.58,0.52,-0.14,-0.14
27.22,0.58,0.52,-0.12,-0.14
27.24,0.58,0.54,-0.14,-0.14
27.26,0.6,0.54,-0.12,-0.16
27.28,0.6,0.56,-0.12,-0.12
27.3,0.6,0.56,-0.08,-0.12
27.32,0.62,0.58,-0.1,-0.12
27.34,0.6,0.58,-0.1,-0.12
27.36,0.6,0.56,-0.12,-0.12
27.38,0.62,0.58,-0.1,-0.1
27.4,0.64,0.58,-0.12,-0.12
27.42,0.62,0.6,-0.12,-0.1
27.44,0.64,0.58,-0.12,-0.12
27.46,0.62,0.58,-0.1,-0.08
27.48,0.62,0.6,-0.12,-0.1
27.5,0.64,0.6,-0.1,-0.1
27.52,-0.64,0.62,0.24,-0.08
27.54,-0.68,0.62,0.24,-0.12
27.56,-0.7,0.62,0.22,-0.12
27.58,-0.7,0.6,0.22,-0.1
27.6,-0.7,0.64,0.18,-0.12
27.62,-0.72,0.62,0.2,-0.08
27.64,-0.72,0.62,0.18,-0.08
27.66,-0.72,-0.54,0.2,0.32
27.68,-0.74,-0.64,0.2,0.24
27.7,-0.74,-0.66,0.16,0.2
27.72,-0.74,-0.68,0.2,0.2
27.74,-0.74,-0.7,0.16,0.2
27.76,-0.74,-0.7,0.18,0.18
27.78,-0.74,-0.7,0.18,0.18
27.8,-0.74,-0.7,0.16,0.18
27.82,-0.76,-0.72,0.18,0.2
27.84,-0.76,-0.74,0.18,0.18
27.86,-0.74,-0.72,0.16,0.18
27.88,-0.76,-0.74,0.18,0.16
27.9,-0.76,-0.72,0.14,0.18
27.92,-0.78,-0.74,0.14,0.18
27.94,-0.78,-0.74,0.18,0.16
27.96,-0.78,-0.74,0.16,0.18
27.98,-0.76,-0.74,0.16,0.16
28.0,-0.78,-0.74,0.18,0.16
28.02,0.46,-0.76,-0.18,0.16
28.04,0.5,-0.74,-0.16,0.16
28.06,0.5,-0.76,-0.16,0.16
28.08,0.56,-0.74,-0.14,0.18
28.1,0.54,-0.76,-0.14,0.14
28.12,0.56,-0.74,-0.12,0.14
28.14,0.56,-0.76,-0.12,0.16
28.16,0.58,0.38,-0.14,-0.26
28.18,0.58,0.5,-0.14,-0.16
28.2,0.6,0.5,-0.1,-0.14
28.22,0.58,0.5,-0.12,-0.16
28.24,0.6,0.54,-0.12,-0.14
28.26,0.62,0.54,-0.1,-0.12
28.28,0.62,0.56,-0.1,-0.14
28.3,0.6,0.56,-0.08,-0.12
28.32,0.6,0.58,-0.12,-0.14
28.34,0.6,0.56,-0.12,-0.12
28.36,0.62,0.58,-0.14,-0.12
28.38,0.62,0.58,-0.1,-0.12
28.4,0.62,0.58,-0.1,-0.12
28.42,0.6,0.58,-0.12,-0.12
28.44,0.62,0.58,-0.1,-0.12
28.46,0.64,0.6,-0.12,-0.14
28.48,0.66,0.6,-0.1,-0.12
28.5,0.64,0.6,-0.1,-0.12
28.52,-0.64,0.58,0.24,-0.1
28.54,-0.68,0.6,0.22,-0.1
28.56,-0.7,0.6,0.22,-0.12
28.58,-0.7,0.62,0.2,-0.1
28.6,-0.7,0.62,0.22,-0.12
28.62,-0.72,0.62,0.18,-0.1
28.64,-0.72,0.62,0.2,-0.1
28.66,-0.74,-0.56,0.2,0.3
28.68,-0.72,-0.64,0.16,0.2
28.7,-0.74,-0.68,0.18,0.2
28.72,-0.74,-0.68,0.18,0.2
28.74,-0.72,-0.7,0.18,0.2
28.76,-0.74,-0.7,0.16,0.2
28.78,-0.74,-0.72,0.2,0.18
28.8,-0.74,-0.72,0.18,0.2
28.82,-0.76,-0.72,0.16,0.18
28.84,-0.74,-0.74,0.18,0.16
28.86,-0.76,-0.72,0.2,0.18
28.88,-0.76,-0.74,0.18,0.16
28.9,-0.76,-0.72,0.2,0.18
28.92,-0.76,-0.74,0.16,0.16
28.94,-0.76,-0.74,0.16,0.16
28.96,-0.78,-0.74,0.18,0.18
28.98,-0.78,-0.74,0.16,0.16
29.0,-0.74,-0.74,0.16,0.16
29.02,0.48,-0.74,-0.18,0.16
29.04,0.5,-0.74,-0.14,0.16
29.06,0.52,-0.74,-0.14,0.16
29.08,0.54,-0.76,-0.14,0.14
29.1,0.54,-0.74,-0.16,0.18
29.12,0.58,-0.76,-0.14,0.16
29.14,0.56,-0.76,-0.12,0.14
29.16,0.58,0.38,-0.14,-0.26
29.18,0.56,0.48,-0.12,-0.16
29.2,0.58,0.52,-0.12,-0.14
29.22,0.58,0.52,-0.12,-0.14
29.24,0.58,0.52,-0.12,-0.14
29.26,0.6,0.54,-0.1,-0.12
29.28,0.62,0.54,-0.1,-0.12
29.3,0.6,0.56,-0.12,-0.12
29.32,0.62,0.56,-0.12,-0.12
29.34,0.62,0.58,-0.1,-0.1
29.36,0.62,0.58,-0.12,-0.08
29.38,0.62,0.58,-0.1,-0.12
29.4,0.62,0.58,-0.12,-0.08
29.42,0.62,0.58,-0.14,-0.1
29.44,0.62,0.58,-0.1,-0.1
29.46,0.62,0.6,-0.12,-0.1
29.48,0.62,0.62,-0.1,-0.12
29.5,0.62,0.6,-0.08,-0.1
29.52,-0.62,0.6,0.24,-0.1
29.54,-0.68,0.6,0.22,-0.1
29.56,-0.7,0.62,0.22,-0.1
29.58,-0.72,0.6,0.2,-0.1
29.6,-0.7,0.64,0.2,-0.08
29.62,-0.72,0.62,0.2,-0.1
29.64,-0.72,0.6,0.18,-0.08
29.66,-0.72,-0.58,0.18,0.32
29.68,-0.74,-0.64,0.2,0.24
29.7,-0.74,-0.68,0.18,0.22
29.72,-0.74,-0.7,0.2,0.2
29.74,-0.76,-0.7,0.18,0.18
29.76,-0.76,-0.7,0.2,0.16
29.78,-0.76,-0.68,0.2,0.16
29.8,-0.76,-0.7,0.18,0.18
29.82,-0.76,-0.72,0.18,0.18
29.84,-0.74,-0.7,0.16,0.18
29.86,-0.76,-0.74,0.16,0.18
29.88,-0.76,-0.72,0.16,0.2
29.9,-0.76,-0.74,0.18,0.16
29.92,-0.76,-0.74,0.16,0.16
29.94,-0.78,-0.74,0.16,0.16
29.96,-0.78,-0.76,0.14,0.16
29.98,-0.78,-0.74,0.16,0.18
30.0,-0.76,-0.74,0.16,0.16
30.02,0.46,-0.74,-0.2,0.18
30.04,0.5,-0.76,-0.14,0.16
30.06,0.52,-0.74,-0.12,0.16
30.08,0.54,-0.76,-0.14,0.16
30.1,0.54,-0.76,-0.14,0.18
30.12,0.56,-0.76,-0.14,0.16
30.14,0.56,-0.76,-0.14,0.14
30.16,0.56,0.4,-0.12,-0.22
30.18,0.58,0.48,-0.12,-0.16
30.2,0.6,0.5,-0.12,-0.14
30.22,0.6,0.52,-0.14,-0.16
30.24,0.58,0.56,-0.1,-0.12
30.26,0.6,0.54,-0.12,-0.12
30.28,0.62,0.56,-0.12,-0.12
30.3,0.6,0.56,-0.1,-0.1
30.32,0.62,0.56,-0.1,-0.14
30.34,0.6,0.56,-0.12,-0.12
30.36,0.62,0.58,-0.1,-0.12
30.38,0.62,0.58,-0.1,-0.12
30.4,0.62,0.62,-0.1,-0.12
30.42,0.62,0.6,-0.1,-0.1
30.44,0.64,0.6,-0.14,-0.1
30.46,0.64,0.6,-0.1,-0.08
30.48,0.64,0.58,-0.08,-0.12
30.5,0.64,0.6,-0.1,-0.12
30.52,-0.64,0.62,0.24,-0.1
30.54,-0.68,0.62,0.2,-0.1
30.56,-0.7,0.6,0.2,-0.12
30.58,-0.7,0.64,0.2,-0.1
30.6,-0.72,0.62,0.2,-0.1
30.62,-0.72,0.62,0.18,-0.1
30.64,-0.72,0.62,0.16,-0.12
30.66,-0.72,-0.56,0.22,0.3
30.68,-0.72,-0.66,0.16,0.22
30.7,-0.76,-0.68,0.18,0.2
30.72,-0.74,-0.68,0.18,0.2
30.74,-0.72,-0.68,0.18,0.22
30.76,-0.76,-0.7,0.2,0.2
30.78,-0.74,-0.7,0.18,0.18
30.8,-0.76,-0.7,0.18,0.16
30.82,-0.74,-0.72,0.18,0.18
30.84,-0.76,-0.72,0.16,0.18
30.86,-0.76,-0.74,0.16,0.16
30.88,-0.78,-0.72,0.18,0.18
30.9,-0.76,-0.74,0.18,0.18
30.92,-0.78,-0.74,0.18,0.16
30.94,-0.8,-0.74,0.18,0.14
30.96,-0.78,-0.74,0.16,0.16
30.98,-0.78,-0.74,0.2,0.16
31.0,-0.78,-0.74,0.16,0.16
31.02,0.46,-0.74,-0.18,0.16
31.04,0.52,-0.76,-0.16,0.18
31.06,0.54,-0.76,-0.16,0.18
31.08,0.54,-0.76,-0.14,0.16
31.1,0.56,-0.76,-0.12,0.18
31.12,0.56,-0.74,-0.14,0.18
31.14,0.56,-0.78,-0.12,0.14
31.16,0.56,0.4,-0.12,-0.22
31.18,0.6,0.48,-0.12,-0.16
31.2,0.6,0.5,-0.12,-0.16
31.22,0.58,0.52,-0.14,-0.14
31.24,0.6,0.52,-0.12,-0.14
31.26,0.6,0.54,-0.12,-0.12
31.28,0.6,0.56,-0.1,-0.12
31.3,0.6,0.56,-0.1,-0.14
31.32,0.62,0.56,-0.08,-0.14
31.34,0.62,0.56,-0.12,-0.1
31.36,0.6,0.56,-0.1,-0.1
31.38,0.6,0.58,-0.12,-0.1
31.4,0.64,0.58,-0.1,-0.1
31.42,0.62,0.58,-0.08,-0.1
31.44,0.62,0.6,-0.1,-0.1
31.46,0.64,0.6,-0.1,-0.12
31.48,0.64,0.6,-0.12,-0.1
31.5,0.64,0.6,-0.1,-0.08
31.52,-0.62,0.62,0.26,-0.1
31.54,-0.68,0.62,0.22,-0.12
31.56,-0.68,0.62,0.2,-0.1
31.58,-0.72,0.62,0.2,-0.1
31.6,-0.72,0.62,0.18,-0.1
31.62,-0.72,0.62,0.18,-0.1
31.64,-0.72,0.62,0.18,-0.08
31.66,-0.74,-0.58,0.18,0.3
31.68,-0.74,-0.64,0.18,0.22
31.7,-0.74,-0.66,0.18,0.22
31.72,-0.74,-0.68,0.18,0.2
31.74,-0.74,-0.72,0.18,0.22
31.76,-0.76,-0.72,0.18,0.18
31.78,-0.76,-0.72,0.16,0.2
31.8,-0.74,-0.7,0.18,0.16
31.82,-0.76,-0.72,0.18,0.16
31.84,-0.76,-0.72,0.16,0.16
31.86,-0.76,-0.74,0.16,0.18
31.88,-0.76,-0.74,0.16,0.18
31.9,-0.76,-0.72,0.18,0.18
31.92,-0.76,-0.72,0.18,0.18
31.94,-0.78,-0.74,0.18,0.16
31.96,-0.76,-0.74,0.16,0.16
31.98,-0.78,-0.74,0.18,0.16
32.0,-0.78,-0.74,0.16,0.16
32.02,0.46,-0.74,-0.2,0.16
32.04,0.5,-0.76,-0.16,0.18
32.06,0.52,-0.74,-0.14,0.16
32.08,0.56,-0.74,-0.14,0.16
32.1,0.58,-0.74,-0.12,0.16
32.12,0.58,-0.76,-0.12,0.16
32.14,0.58,-0.76,-0.12,0.16
32.16,0.58,0.4,-0.1,-0.22
32.18,0.58,0.48,-0.14,-0.18
32.2,0.58,0.48,-0.12,-0.14
32.22,0.58,0.52,-0.12,-0.14
32.24,0.6,0.54,-0.12,-0.12
32.26,0.6,0.54,-0.14,-0.14
32.28,0.58,0.56,-0.12,-0.1
32.3,0.6,0.56,-0.1,-0.12
32.32,0.6,0.58,-0.1,-0.14
32.34,0.64,0.56,-0.1,-0.12
32.36,0.62,0.56,-0.12,-0.1
32.38,0.62,0.58,-0.08,-0.12
32.4,0.62,0.58,-0.1,-0.08
32.42,0.62,0.6,-0.08,-0.12
32.44,0.62,0.58,-0.1,-0.12
32.46,0.62,0.6,-0.1,-0.12
32.48,0.62,0.6,-0.08,-0.1
32.5,0.62,0.6,-0.1,-0.08
32.52,-0.62,0.6,0.24,-0.1
32.54,-0.68,0.58,0.22,-0.08
32.56,-0.7,0.6,0.22,-0.1
32.58,-0.7,0.62,0.2,-0.08
32.6,-0.7,0.6,0.2,-0.1
32.62,-0.7,0.62,0.18,-0.1
32.64,-0.74,0.62,0.18,-0.12
32.66,-0.72,-0.6,0.18,0.26
32.68,-0.72,-0.66,0.18,0.22
32.7,-0.74,-0.66,0.16,0.2
32.72,-0.72,-0.7,0.2,0.2
32.74,-0.74,-0.7,0.18,0.16
32.76,-0.74,-0.68,0.18,0.18
32.78,-0.76,-0.7,0.16,0.2
32.8,-0.74,-0.7,0.16,0.18
32.82,-0.74,-0.72,0.18,0.2
32.84,-0.74,-0.72,0.18,0.2
32.86,-0.76,-0.74,0.16,0.16
32.88,-0.78,-0.72,0.16,0.14
32.9,-0.76,-0.72,0.16,0.16
32.92,-0.76,-0.74,0.14,0.18
32.94,-0.78,-0.74,0.16,0.16
32.96,-0.78,-0.74,0.16,0.16
32.98,-0.78,-0.76,0.16,0.16
33.0,-0.8,-0.74,0.18,0.16
33.02,0.46,-0.76,-0.18,0.16
33.04,0.52,-0.76,-0.14,0.16
33.06,0.52,-0.76,-0.16,0.16
33.08,0.56,-0.76,-0.16,0.16
33.1,0.58,-0.76,-0.14,0.14
33.12,0.58,-0.78,-0.14,0.16
33.14,0.56,-0.76,-0.14,0.14
33.16,0.58,0.42,-0.12,-0.22
33.18,0.58,0.5,-0.1,-0.14
33.2,0.58,0.52,-0.1,-0.14
33.22,0.6,0.52,-0.12,-0.14
33.24,0.6,0.52,-0.12,-0.14
33.26,0.6,0.56,-0.12,-0.14
33.28,0.6,0.56,-0.12,-0.1
33.3,0.62,0.56,-0.12,-0.14
33.32,0.62,0.58,-0.12,-0.12
33.34,0.62,0.58,-0.12,-0.12
33.36,0.62,0.58,-0.12,-0.1
33.38,0.62,0.58,-0.08,-0.12
33.4,0.62,0.58,-0.12,-0.08
33.42,0.62,0.6,-0.1,-0.1
33.44,0.62,0.58,-0.08,-0.08
33.46,0.66,0.6,-0.1,-0.12
33.48,0.62,0.6,-0.1,-0.1
33.5,0.66,0.6,-0.1,-0.12
33.52,-0.64,0.62,0.24,-0.1
33.54,-0.68,0.6,0.22,-0.12
33.56,-0.7,0.62,0.2,-0.1
33.58,-0.72,0.62,0.2,-0.08
33.6,-0.7,0.62,0.2,-0.1
33.62,-0.7,0.64,0.16,-0.1
33.64,-0.74,0.62,0.16,-0.1
33.66,-0.72,-0.58,0.16,0.28
33.68,-0.74,-0.64,0.18,0.22
33.7,-0.74,-0.66,0.18,0.2
33.72,-0.72,-0.68,0.18,0.2
33.74,-0.74,-0.7,0.18,0.2
33.76,-0.74,-0.68,0.16,0.2
33.78,-0.74,-0.7,0.16,0.18
33.8,-0.76,-0.72,0.18,0.18
33.82,-0.76,-0.74,0.16,0.18
33.84,-0.74,-0.74,0.16,0.16
33.86,-0.76,-0.72,0.18,0.18
33.88,-0.74,-0.72,0.16,0.16
33.9,-0.76,-0.74,0.16,0.16
33.92,-0.76,-0.74,0.16,0.18
33.94,-0.76,-0.74,0.16,0.16
33.96,-0.78,-0.74,0.16,0.18
33.98,-0.78,-0.74,0.16,0.16
34.0,-0.78,-0.74,0.16,0.14
34.02,0.48,-0.74,-0.2,0.16
34.04,0.52,-0.76,-0.14,0.14
34.06,0.52,-0.76,-0.14,0.16
34.08,0.52,-0.74,-0.14,0.16
34.1,0.54,-0.74,-0.14,0.18
34.12,0.56,-0.74,-0.14,0.16
34.14,0.56,-0.76,-0.14,0.16
34.16,0.58,0.4,-0.12,-0.22
34.18,0.58,0.48,-0.14,-0.16
34.2,0.58,0.5,-0.1,-0.14
34.22,0.58,0.52,-0.12,-0.14
34.24,0.58,0.54,-0.12,-0.14
34.26,0.6,0.56,-0.1,-0.12
34.28,0.6,0.56,-0.14,-0.14
34.3,0.62,0.56,-0.12,-0.12
34.32,0.62,0.56,-0.1,-0.12
34.34,0.62,0.56,-0.12,-0.12
34.36,0.62,0.58,-0.1,-0.1
34.38,0.62,0.6,-0.1,-0.1
34.4,0.62,0.58,-0.1,-0.12
34.42,0.62,0.58,-0.1,-0.12
34.44,0.64,0.58,-0.1,-0.06
34.46,0.62,0.58,-0.12,-0.1
34.48,0.64,0.62,-0.08,-0.1
34.5,0.62,0.58,-0.12,-0.12
34.52,-0.62,0.6,0.24,-0.1
34.54,-0.68,0.6,0.22,-0.1
34.56,-0.7,0.62,0.2,-0.08
34.58,-0.72,0.62,0.2,-0.12
34.6,-0.7,0.6,0.2,-0.1
34.62,-0.74,0.62,0.18,-0.1
34.64,-0.74,0.62,0.2,-0.1
34.66,-0.74,-0.58,0.18,0.26
34.68,-0.74,-0.64,0.2,0.22
34.7,-0.74,-0.68,0.16,0.2
34.72,-0.72,-0.7,0.18,0.2
34.74,-0.74,-0.7,0.16,0.16
34.76,-0.74,-0.7,0.18,0.2
34.78,-0.76,-0.7,0.18,0.2
34.8,-0.74,-0.7,0.18,0.2
34.82,-0.74,-0.74,0.16,0.2
34.84,-0.76,-0.74,0.18,0.18
34.86,-0.74,-0.74,0.16,0.18
34.88,-0.76,-0.74,0.16,0.18
34.9,-0.78,-0.72,0.16,0.16
34.92,-0.76,-0.74,0.16,0.16
34.94,-0.76,-0.74,0.18,0.14
34.96,-0.76,-0.72,0.16,0.18
34.98,-0.78,-0.74,0.16,0.16
35.0,-0.76,-0.74,0.16,0.14
35.02,0.48,-0.74,-0.18,0.16
35.04,0.5,-0.76,-0.16,0.16
35.06,0.52,-0.74,-0.16,0.16
35.08,0.54,-0.76,-0.12,0.18
35.1,0.54,-0.74,-0.14,0.16
35.12,0.56,-0.76,-0.12,0.18
35.14,0.56,-0.8,-0.12,0.14
35.16,0.58,0.42,-0.12,-0.22
35.18,0.58,0.48,-0.1,-0.14
35.2,0.58,0.52,-0.14,-0.16
35.22,0.58,0.52,-0.12,-0.14
35.24,0.58,0.54,-0.12,-0.12
35.26,0.6,0.56,-0.12,-0.12
35.28,0.6,0.54,-0.12,-0.12
35.3,0.6,0.56,-0.1,-0.12
35.32,0.6,0.54,-0.1,-0.12
35.34,0.62,0.58,-0.12,-0.1
35.36,0.62,0.56,-0.1,-0.1
35.38,0.62,0.58,-0.1,-0.1
35.4,0.64,0.6,-0.1,-0.1
35.42,0.64,0.58,-0.1,-0.12
35.44,0.62,0.6,-0.12,-0.14
35.46,0.64,0.58,-0.12,-0.1
35.48,0.62,0.62,-0.1,-0.08
35.5,0.62,0.62,-0.1,-0.12
35.52,-0.64,0.62,0.26,-0.1
35.54,-0.68,0.6,0.2,-0.1
35.56,-0.68,0.6,0.2,-0.1
35.58,-0.7,0.6,0.2,-0.1
35.6,-0.72,0.62,0.2,-0.12
35.62,-0.7,0.62,0.18,-0.12
35.64,-0.72,0.62,0.18,-0.1
35.66,-0.74,-0.6,0.2,0.28
35.68,-0.74,-0.66,0.2,0.22
35.7,-0.74,-0.68,0.2,0.22
35.72,-0.72,-0.7,0.2,0.18
35.74,-0.74,-0.7,0.2,0.2
35.76,-0.74,-0.7,0.16,0.2
35.78,-0.74,-0.72,0.16,0.18
35.8,-0.76,-0.72,0.18,0.2
35.82,-0.76,-0.74,0.16,0.2
35.84,-0.74,-0.72,0.18,0.16
35.86,-0.74,-0.74,0.16,0.16
35.88,-0.76,-0.74,0.16,0.18
35.9,-0.76,-0.74,0.16,0.16
35.92,-0.76,-0.74,0.16,0.18
35.94,-0.76,-0.76,0.16,0.18
35.96,-0.78,-0.74,0.18,0.16
35.98,-0.76,-0.74,0.16,0.18
36.0,-0.76,-0.74,0.16,0.18
36.02,0.48,-0.76,-0.16,0.16
36.04,0.52,-0.74,-0.16,0.16
36.06,0.52,-0.74,-0.14,0.18
36.08,0.52,-0.76,-0.14,0.14
36.1,0.56,-0.74,-0.14,0.16
36.12,0.56,-0.76,-0.14,0.16
36.14,0.56,-0.76,-0.14,0.16
36.16,0.58,0.42,-0.14,-0.2
36.18,0.58,0.48,-0.12,-0.16
36.2,0.58,0.5,-0.14,-0.12
36.22,0.58,0.52,-0.12,-0.14
36.24,0.6,0.52,-0.1,-0.12
36.26,0.58,0.56,-0.12,-0.12
36.28,0.6,0.56,-0.12,-0.12
36.3,0.6,0.58,-0.12,-0.12
36.32,0.6,0.58,-0.12,-0.14
36.34,0.62,0.56,-0.12,-0.12
36.36,0.62,0.58,-0.12,-0.1
36.38,0.62,0.6,-0.1,-0.1
36.4,0.6,0.58,-0.12,-0.12
36.42,0.62,0.58,-0.1,-0.1
36.44,0.62,0.6,-0.12,-0.1
36.46,0.62,0.62,-0.1,-0.1
36.48,0.64,0.6,-0.12,-0.12
36.5,0.64,0.62,-0.12,-0.1
36.52,-0.64,0.6,0.22,-0.1
36.54,-0.66,0.62,0.24,-0.08
36.56,-0.68,0.64,0.22,-0.08
36.58,-0.72,0.62,0.22,-0.1
36.6,-0.7,0.62,0.2,-0.1
36.62,-0.74,0.62,0.2,-0.1
36.64,-0.72,0.62,0.18,-0.12
36.66,-0.74,-0.58,0.18,0.26
36.68,-0.74,-0.66,0.2,0.22
36.7,-0.74,-0.66,0.16,0.22
36.72,-0.74,-0.68,0.2,0.22
36.74,-0.74,-0.7,0.16,0.2
36.76,-0.76,-0.7,0.18,0.2
36.78,-0.76,-0.72,0.18,0.16
36.8,-0.76,-0.7,0.16,0.18
36.82,-0.76,-0.72,0.18,0.18
36.84,-0.76,-0.72,0.18,0.16
36.86,-0.76,-0.74,0.16,0.18
36.88,-0.78,-0.72,0.16,0.2
36.9,-0.78,-0.74,0.16,0.16
36.92,-0.76,-0.74,0.16,0.16
36.94,-0.78,-0.74,0.16,0.16
36.96,-0.78,-0.72,0.16,0.16
36.98,-0.78,-0.74,0.16,0.18
37.0,-0.78,-0.74,0.16,0.16
37.02,0.48,-0.74,-0.18,0.16
37.04,0.52,-0.74,-0.14,0.16
37.06,0.52,-0.74,-0.14,0.18
37.08,0.54,-0.74,-0.14,0.18
37.1,0.56,-0.76,-0.14,0.16
37.12,0.56,-0.78,-0.12,0.16
37.14,0.56,-0.78,-0.14,0.16
37.16,0.58,0.42,-0.12,-0.2
37.18,0.58,0.5,-0.12,-0.16
37.2,0.58,0.5,-0.12,-0.14
37.22,0.58,0.52,-0.12,-0.12
37.24,0.6,0.52,-0.14,-0.14
37.26,0.6,0.54,-0.12,-0.12
37.28,0.58,0.56,-0.1,-0.14
37.3,0.6,0.56,-0.1,-0.12
37.32,0.6,0.56,-0.1,-0.12
37.34,0.6,0.58,-0.1,-0.1
37.36,0.62,0.58,-0.12,-0.1
37.38,0.62,0.58,-0.1,-0.14
37.4,0.62,0.58,-0.1,-0.12
37.42,0.62,0.6,-0.1,-0.1
37.44,0.62,0.6,-0.12,-0.1
37.46,0.64,0.6,-0.1,-0.1
37.48,0.62,0.6,-0.1,-0.1
37.5,0.62,0.6,-0.1,-0.1
37.52,-0.66,0.62,0.22,-0.08
37.54,-0.68,0.62,0.2,-0.08
37.56,-0.7,0.62,0.22,-0.1
37.58,-0.7,0.62,0.2,-0.1
37.6,-0.72,0.6,0.22,-0.1
37.62,-0.72,0.6,0.2,-0.08
37.64,-0.72,0.62,0.18,-0.1
37.66,-0.72,-0.6,0.18,0.26
37.68,-0.72,-0.66,0.16,0.2
37.7,-0.74,-0.68,0.16,0.2
37.72,-0.74,-0.68,0.18,0.2
37.74,-0.74,-0.7,0.18,0.2
37.76,-0.74,-0.7,0.18,0.2
37.78,-0.74,-0.72,0.18,0.18
37.8,-0.76,-0.7,0.18,0.18
37.82,-0.78,-0.72,0.18,0.18
37.84,-0.76,-0.7,0.18,0.18
37.86,-0.76,-0.72,0.18,0.18
37.88,-0.76,-0.72,0.16,0.18
37.9,-0.78,-0.72,0.16,0.18
37.92,-0.76,-0.74,0.16,0.16
37.94,-0.78,-0.74,0.14,0.18
37.96,-0.76,-0.74,0.18,0.16
37.98,-0.76,-0.74,0.16,0.2
38.0,-0.78,-0.74,0.14,0.18
38.02,0.46,-0.74,-0.16,0.16
38.04,0.52,-0.74,-0.16,0.16
38.06,0.52,-0.74,-0.14,0.14
38.08,0.54,-0.76,-0.14,0.14
38.1,0.56,-0.74,-0.14,0.16
38.12,0.58,-0.76,-0.12,0.16
38.14,0.58,-0.76,-0.14,0.16
38.16,0.58,0.42,-0.12,-0.22
38.18,0.56,0.48,-0.12,-0.18
38.2,0.58,0.52,-0.14,-0.14
38.22,0.6,0.52,-0.1,-0.14
38.24,0.6,0.54,-0.1,-0.14
38.26,0.6,0.54,-0.12,-0.14
38.28,0.58,0.56,-0.12,-0.14
38.3,0.6,0.56,-0.1,-0.12
38.32,0.6,0.56,-0.12,-0.12
38.34,0.62,0.58,-0.08,-0.12
38.36,0.62,0.6,-0.12,-0.1
38.38,0.6,0.58,-0.1,-0.14
38.4,0.62,0.58,-0.12,-0.1
38.42,0.62,0.6,-0.1,-0.12
38.44,0.62,0.6,-0.08,-0.1
38.46,0.62,0.58,-0.1,-0.12
38.48,0.64,0.6,-0.1,-0.12
38.5,0.64,0.6,-0.1,-0.1
38.52,-0.66,0.62,0.24,-0.1
38.54,-0.66,0.62,0.2,-0.1
38.56,-0.7,0.6,0.18,-0.1
38.58,-0.7,0.62,0.18,-0.08
38.6,-0.72,0.62,0.2,-0.1
38.62,-0.72,0.6,0.2,-0.1
38.64,-0.72,0.62,0.18,-0.12
38.66,-0.72,-0.6,0.18,0.26
38.68,-0.72,-0.66,0.16,0.22
38.7,-0.74,-0.68,0.18,0.2
38.72,-0.76,-0.68,0.18,0.18
38.74,-0.74,-0.7,0.16,0.2
38.76,-0.74,-0.7,0.16,0.18
38.78,-0.74,-0.7,0.16,0.18
38.8,-0.74,-0.72,0.14,0.18
38.82,-0.74,-0.72,0.16,0.18
38.84,-0.76,-0.72,0.18,0.18
38.86,-0.74,-0.72,0.16,0.18
38.88,-0.76,-0.72,0.18,0.16
38.9,-0.74,-0.74,0.18,0.16
38.92,-0.76,-0.74,0.16,0.18
38.94,-0.76,-0.74,0.16,0.14
38.96,-0.76,-0.72,0.16,0.16
38.98,-0.76,-0.74,0.16,0.16
39.0,-0.78,-0.74,0.18,0.14
39.02,0.48,-0.74,-0.18,0.16
39.04,0.52,-0.74,-0.16,0.16
39.06,0.52,-0.74,-0.14,0.16
39.08,0.52,-0.74,-0.14,0.16
39.1,0.56,-0.74,-0.14,0.16
39.12,0.56,-0.76,-0.12,0.16
39.14,0.56,-0.78,-0.14,0.18
39.16,0.56,0.42,-0.14,-0.2
39.18,0.58,0.5,-0.12,-0.16
39.2,0.58,0.52,-0.12,-0.14
39.22,0.6,0.52,-0.12,-0.14
39.24,0.6,0.54,-0.1,-0.14
39.26,0.6,0.54,-0.08,-0.12
39.28,0.6,0.56,-0.1,-0.14
39.3,0.6,0.58,-0.12,-0.12
39.32,0.62,0.56,-0.1,-0.12
39.34,0.62,0.58,-0.08,-0.12
39.36,0.62,0.56,-0.12,-0.1
39.38,0.62,0.58,-0.12,-0.12
39.4,0.62,0.58,-0.1,-0.1
39.42,0.64,0.6,-0.1,-0.1
39.44,0.64,0.58,-0.12,-0.08
39.46,0.64,0.6,-0.08,-0.1
39.48,0.62,0.6,-0.1,-0.1
39.5,0.62,0.6,-0.1,-0.12
39.52,-0.64,0.62,0.24,-0.1
39.54,-0.66,0.62,0.22,-0.1
39.56,-0.7,0.64,0.22,-0.12
39.58,-0.72,0.62,0.2,-0.12
39.6,-0.72,0.62,0.2,-0.1
39.62,-0.7,0.62,0.2,-0.1
39.64,-0.7,0.64,0.2,-0.1
39.66,-0.72,-0.6,0.2,0.26
39.68,-0.74,-0.64,0.22,0.22
39.7,-0.74,-0.68,0.16,0.2
39.72,-0.72,-0.68,0.16,0.2
39.74,-0.74,-0.68,0.16,0.18
39.76,-0.76,-0.68,0.16,0.2
39.78,-0.78,-0.7,0.16,0.16
39.8,-0.76,-0.72,0.16,0.2
39.82,-0.74,-0.72,0.18,0.16
39.84,-0.76,-0.72,0.18,0.18
39.86,-0.78,-0.72,0.18,0.16
39.88,-0.76,-0.72,0.18,0.18
39.9,-0.78,-0.74,0.16,0.16
39.92,-0.78,-0.74,0.18,0.18
39.94,-0.76,-0.74,0.18,0.16
39.96,-0.76,-0.72,0.18,0.18
39.98,-0.78,-0.74,0.16,0.16
40.0,-0.76,-0.74,0.16,0.16
40.02,0.48,-0.74,-0.18,0.16
40.04,0.5,-0.76,-0.16,0.16
40.06,0.54,-0.74,-0.12,0.16
40.08,0.54,-0.74,-0.14,0.16
40.1,0.56,-0.74,-0.12,0.16
40.12,0.56,-0.74,-0.14,0.16
40.14,0.58,-0.76,-0.14,0.18
40.16,0.58,0.44,-0.12,-0.2
40.18,0.58,0.48,-0.12,-0.16
40.2,0.58,0.5,-0.12,-0.14
40.22,0.58,0.52,-0.12,-0.14
40.24,0.6,0.54,-0.1,-0.14
40.26,0.62,0.54,-0.1,-0.12
40.28,0.6,0.58,-0.1,-0.1
40.3,0.6,0.56,-0.12,-0.12
40.32,0.62,0.56,-0.12,-0.12
40.34,0.62,0.58,-0.1,-0.12
40.36,0.62,0.58,-0.1,-0.1
40.38,0.62,0.6,-0.1,-0.1
40.4,0.62,0.6,-0.1,-0.12
40.42,0.62,0.58,-0.12,-0.12
40.44,0.62,0.6,-0.1,-0.12
40.46,0.62,0.6,-0.08,-0.12
40.48,0.64,0.6,-0.08,-0.12
40.5,0.62,0.62,-0.1,-0.08
40.52,-0.66,0.6,0.24,-0.1
40.54,-0.68,0.6,0.22,-0.12
40.56,-0.7,0.62,0.2,-0.1
40.58,-0.7,0.62,0.22,-0.08
40.6,-0.7,0.62,0.22,-0.12
40.62,-0.72,0.62,0.2,-0.1
40.64,-0.72,0.62,0.18,-0.08
40.66,-0.74,-0.6,0.2,0.26
40.68,-0.76,-0.64,0.18,0.22
40.7,-0.74,-0.68,0.18,0.2
40.72,-0.74,-0.68,0.18,0.2
40.74,-0.76,-0.7,0.18,0.2
40.76,-0.74,-0.72,0.16,0.18
40.78,-0.76,-0.7,0.18,0.2
40.8,-0.76,-0.7,0.16,0.2
40.82,-0.76,-0.7,0.16,0.16
40.84,-0.76,-0.74,0.16,0.16
40.86,-0.76,-0.74,0.18,0.18
40.88,-0.76,-0.74,0.16,0.16
40.9,-0.76,-0.74,0.16,0.14
40.92,-0.76,-0.74,0.16,0.16
40.94,-0.76,-0.74,0.18,0.18
40.96,-0.78,-0.74,0.16,0.2
40.98,-0.78,-0.72,0.16,0.18
41.0,-0.78,-0.74,0.18,0.18
41.02,0.48,-0.74,-0.18,0.14
41.04,0.52,-0.76,-0.16,0.18
41.06,0.52,-0.76,-0.14,0.16
41.08,0.54,-0.74,-0.16,0.16
41.1,0.54,-0.76,-0.14,0.16
41.12,0.58,-0.76,-0.12,0.16
41.14,0.58,-0.78,-0.12,0.16
41.16,0.58,0.42,-0.12,-0.2
41.18,0.58,0.5,-0.12,-0.16
41.2,0.6,0.5,-0.14,-0.14
41.22,0.58,0.52,-0.1,-0.14
41.24,0.6,0.54,-0.12,-0.14
41.26,0.58,0.54,-0.14,-0.14
41.28,0.6,0.54,-0.1,-0.1
41.3,0.6,0.56,-0.1,-0.12
41.32,0.62,0.58,-0.12,-0.14
41.34,0.62,0.58,-0.1,-0.12
41.36,0.62,0.58,-0.12,-0.12
41.38,0.62,0.6,-0.08,-0.12
41.4,0.62,0.58,-0.1,-0.12
41.42,0.62,0.58,-0.1,-0.12
41.44,0.64,0.6,-0.1,-0.12
41.46,0.62,0.6,-0.1,-0.1
41.48,0.64,0.6,-0.1,-0.1
41.5,-0.5,0.62,0.38,-0.1
41.52,-0.64,0.6,0.24,-0.1
41.54,-0.68,0.62,0.22,-0.12
41.56,-0.68,0.62,0.2,-0.1
41.58,-0.72,0.62,0.18,-0.1
41.6,-0.72,0.62,0.2,-0.1
41.62,-0.72,0.6,0.18,-0.1
41.64,-0.7,0.62,0.18,-0.12
41.66,-0.74,-0.6,0.2,0.26
41.68,-0.72,-0.64,0.18,0.22
41.7,-0.72,-0.68,0.18,0.2
41.72,-0.74,-0.7,0.18,0.2
41.74,-0.74,-0.68,0.16,0.2
41.76,-0.76,-0.7,0.2,0.2
41.78,-0.74,-0.7,0.16,0.16
41.8,-0.76,-0.7,0.16,0.2
41.82,-0.76,-0.72,0.16,0.18
41.84,-0.76,-0.72,0.16,0.2
41.86,-0.78,-0.72,0.16,0.16
41.88,-0.78,-0.74,0.18,0.16
41.9,-0.78,-0.72,0.16,0.18
41.92,-0.78,-0.76,0.18,0.18
41.94,-0.76,-0.74,0.16,0.16
41.96,-0.78,-0.74,0.16,0.16
41.98,-0.78,-0.74,0.16,0.16
42.0,0.32,-0.74,-0.3,0.16
42.02,0.5,-0.74,-0.14,0.16
42.04,0.52,-0.76,-0.14,0.16
42.06,0.54,-0.76,-0.14,0.16
42.08,0.54,-0.74,-0.14,0.16
42.1,0.54,-0.74,-0.14,0.16
42.12,0.56,-0.76,-0.14,0.16
42.14,0.58,-0.76,-0.14,0.16
42.16,0.58,0.42,-0.12,-0.2
42.18,0.58,0.48,-0.12,-0.18
42.2,0.58,0.52,-0.12,-0.14
42.22,0.58,0.52,-0.1,-0.14
42.24,0.6,0.54,-0.12,-0.12
42.26,0.58,0.56,-0.12,-0.12
42.28,0.6,0.54,-0.12,-0.12
42.3,0.62,0.56,-0.1,-0.1
42.32,0.62,0.56,-0.12,-0.12
42.34,0.62,0.58,-0.08,-0.12
42.36,0.62,0.58,-0.12,-0.12
42.38,0.6,0.58,-0.12,-0.14
42.4,0.62,0.58,-0.12,-0.1
42.42,0.62,0.58,-0.12,-0.1
42.44,0.64,0.6,-0.12,-0.14
42.46,0.64,0.58,-0.1,-0.1
42.48,0.64,0.6,-0.1,-0.12
42.5,-0.54,0.6,0.34,-0.1
42.52,-0.68,0.62,0.22,-0.12
42.54,-0.68,0.62,0.22,-0.08
42.56,-0.7,0.6,0.2,-0.1
42.58,-0.7,0.62,0.2,-0.1
42.6,-0.72,0.62,0.2,-0.1
42.62,-0.72,0.62,0.2,-0.1
42.64,-0.72,0.6,0.2,-0.1
42.66,-0.72,-0.6,0.18,0.26
42.68,-0.74,-0.64,0.18,0.22
42.7,-0.74,-0.7,0.2,0.22
42.72,-0.74,-0.68,0.16,0.2
42.74,-0.74,-0.7,0.18,0.2
42.76,-0.74,-0.7,0.2,0.2
42.78,-0.74,-0.7,0.18,0.18
42.8,-0.74,-0.72,0.16,0.2
42.82,-0.74,-0.72,0.16,0.2
42.84,-0.76,-0.72,0.18,0.16
42.86,-0.76,-0.72,0.16,0.16
42.88,-0.76,-0.72,0.18,0.16
42.9,-0.76,-0.74,0.18,0.16
42.92,-0.76,-0.72,0.16,0.16
42.94,-0.76,-0.74,0.16,0.16
42.96,-0.78,-0.74,0.2,0.2
42.98,-0.78,-0.74,0.18,0.16
43.0,0.38,-0.74,-0.28,0.16
43.02,0.5,-0.74,-0.18,0.16
43.04,0.52,-0.76,-0.16,0.16
43.06,0.52,-0.74,-0.14,0.18
43.08,0.52,-0.74,-0.14,0.14
43.1,0.54,-0.74,-0.16,0.18
43.12,0.54,-0.76,-0.14,0.16
43.14,0.58,-0.76,-0.12,0.14
43.16,0.56,0.44,-0.12,-0.18
43.18,0.6,0.48,-0.12,-0.14
43.2,0.58,0.52,-0.12,-0.14
43.22,0.58,0.52,-0.12,-0.14
43.24,0.58,0.52,-0.12,-0.14
43.26,0.58,0.54,-0.12,-0.12
43.28,0.62,0.56,-0.12,-0.12
43.3,0.6,0.54,-0.12,-0.14
43.32,0.62,0.56,-0.1,-0.12
43.34,0.62,0.56,-0.12,-0.14
43.36,0.62,0.58,-0.12,-0.1
43.38,0.62,0.58,-0.12,-0.14
43.4,0.62,0.58,-0.1,-0.1
43.42,0.62,0.58,-0.12,-0.12
43.44,0.64,0.6,-0.12,-0.1
43.46,0.62,0.58,-0.12,-0.1
43.48,0.62,0.6,-0.1,-0.1
43.5,-0.56,0.6,0.32,-0.1
43.52,-0.64,0.62,0.22,-0.08
43.54,-0.68,0.62,0.2,-0.1
43.56,-0.72,0.6,0.2,-0.1
43.58,-0.72,0.62,0.18,-0.1
43.6,-0.7,0.62,0.2,-0.1
43.62,-0.72,0.62,0.18,-0.08
43.64,-0.74,0.62,0.2,-0.08
43.66,-0.74,-0.6,0.18,0.26
43.68,-0.74,-0.66,0.18,0.22
43.7,-0.74,-0.68,0.18,0.22
43.72,-0.74,-0.68,0.18,0.2
43.74,-0.74,-0.7,0.18,0.2
43.76,-0.76,-0.7,0.18,0.2
43.78,-0.76,-0.7,0.16,0.18
43.8,-0.74,-0.72,0.18,0.18
43.82,-0.74,-0.72,0.18,0.16
43.84,-0.76,-0.72,0.2,0.16
43.86,-0.78,-0.72,0.16,0.18
43.88,-0.76,-0.74,0.18,0.2
43.9,-0.76,-0.74,0.16,0.16
43.92,-0.76,-0.74,0.16,0.14
43.94,-0.76,-0.74,0.16,0.16
43.96,-0.76,-0.74,0.16,0.18
43.98,-0.78,-0.74,0.16,0.16
44.0,0.36,-0.74,-0.24,0.16
44.02,0.48,-0.74,-0.18,0.16
44.04,0.52,-0.76,-0.16,0.16
44.06,0.52,-0.74,-0.14,0.16
44.08,0.52,-0.76,-0.14,0.14
44.1,0.54,-0.76,-0.14,0.16
44.12,0.56,-0.76,-0.14,0.16
44.14,0.58,-0.76,-0.12,0.16
44.16,0.58,0.44,-0.14,-0.2
44.18,0.58,0.5,-0.12,-0.14
44.2,0.58,0.52,-0.12,-0.14
44.22,0.58,0.52,-0.12,-0.14
44.24,0.6,0.52,-0.12,-0.12
44.26,0.6,0.56,-0.1,-0.14
44.28,0.6,0.54,-0.1,-0.12
44.3,0.6,0.56,-0.12,-0.1
44.32,0.62,0.56,-0.12,-0.14
44.34,0.62,0.58,-0.1,-0.1
44.36,0.62,0.58,-0.1,-0.1
44.38,0.62,0.58,-0.12,-0.08
44.4,0.62,0.58,-0.12,-0.12
44.42,0.62,0.6,-0.1,-0.12
44.44,0.62,0.58,-0.12,-0.1
44.46,0.62,0.62,-0.08,-0.1
44.48,0.62,0.6,-0.1,-0.08
44.5,-0.56,0.6,0.3,-0.12
44.52,-0.68,0.6,0.22,-0.1
44.54,-0.68,0.62,0.22,-0.12
44.56,-0.7,0.6,0.2,-0.1
44.58,-0.7,0.6,0.22,-0.08
44.6,-0.7,0.62,0.2,-0.1
44.62,-0.72,0.62,0.2,-0.1
44.64,-0.74,0.62,0.18,-0.1
44.66,-0.74,-0.6,0.16,0.26
44.68,-0.72,-0.66,0.18,0.22
44.7,-0.74,-0.68,0.2,0.2
44.72,-0.74,-0.7,0.18,0.18
44.74,-0.74,-0.7,0.18,0.18
44.76,-0.76,-0.7,0.18,0.2
44.78,-0.76,-0.7,0.16,0.18
44.8,-0.74,-0.72,0.18,0.18
44.82,-0.76,-0.72,0.18,0.18
44.84,-0.76,-0.72,0.16,0.16
44.86,-0.74,-0.72,0.16,0.18
44.88,-0.76,-0.74,0.18,0.16
44.9,-0.76,-0.74,0.18,0.16
44.92,-0.76,-0.74,0.16,0.18
44.94,-0.78,-0.72,0.16,0.16
44.96,-0.76,-0.74,0.16,0.16
44.98,-0.78,-0.74,0.16,0.16
45.0,0.4,-0.74,-0.24,0.18
45.02,0.5,-0.74,-0.14,0.16
45.04,0.52,-0.74,-0.14,0.16
45.06,0.54,-0.74,-0.16,0.16
45.08,0.54,-0.74,-0.14,0.16
45.1,0.56,-0.76,-0.12,0.16
45.12,0.56,-0.74,-0.14,0.16
45.14,0.56,-0.76,-0.14,0.16
45.16,0.58,0.44,-0.14,-0.18
45.18,0.58,0.5,-0.12,-0.14
45.2,0.58,0.52,-0.12,-0.14
45.22,0.6,0.52,-0.12,-0.14
45.24,0.58,0.54,-0.12,-0.14
45.26,0.6,0.54,-0.1,-0.12
45.28,0.62,0.56,-0.1,-0.12
45.3,0.6,0.56,-0.12,-0.12
45.32,0.62,0.56,-0.1,-0.1
45.34,0.62,0.58,-0.12,-0.08
45.36,0.62,0.58,-0.1,-0.12
45.38,0.62,0.58,-0.12,-0.14
45.4,0.62,0.6,-0.12,-0.12
45.42,0.64,0.6,-0.1,-0.1
45.44,0.62,0.58,-0.1,-0.1
45.46,0.64,0.6,-0.1,-0.12
45.48,0.62,0.6,-0.1,-0.12
45.5,-0.58,0.62,0.28,-0.12
45.52,-0.66,0.62,0.22,-0.08
45.54,-0.68,0.62,0.2,-0.08
45.56,-0.7,0.62,0.2,-0.1
45.58,-0.7,0.62,0.2,-0.08
45.6,-0.72,0.6,0.2,-0.1
45.62,-0.72,0.62,0.2,-0.1
45.64,-0.72,0.62,0.18,-0.12
45.66,-0.72,-0.62,0.2,0.26
45.68,-0.74,-0.66,0.16,0.22
45.7,-0.74,-0.66,0.18,0.18
45.72,-0.74,-0.7,0.16,0.2
45.74,-0.74,-0.7,0.16,0.18
45.76,-0.76,-0.7,0.18,0.18
45.78,-0.76,-0.7,0.16,0.18
45.8,-0.74,-0.7,0.18,0.18
45.82,-0.76,-0.72,0.18,0.16
45.84,-0.74,-0.74,0.16,0.16
45.86,-0.76,-0.74,0.18,0.2
45.88,-0.76,-0.74,0.16,0.2
45.9,-0.76,-0.74,0.16,0.18
45.92,-0.78,-0.74,0.2,0.16
45.94,-0.76,-0.74,0.16,0.16
45.96,-0.78,-0.72,0.16,0.16
45.98,-0.76,-0.74,0.18,0.16
46.0,0.4,-0.74,-0.24,0.16
46.02,0.48,-0.74,-0.18,0.16
46.04,0.52,-0.76,-0.16,0.18
46.06,0.52,-0.74,-0.14,0.16
46.08,0.56,-0.74,-0.14,0.16
46.1,0.56,-0.74,-0.14,0.14
46.12,0.56,-0.76,-0.12,0.16
46.14,0.56,-0.76,-0.12,0.16
46.16,0.58,0.44,-0.12,-0.2
46.18,0.58,0.5,-0.14,-0.14
46.2,0.58,0.52,-0.12,-0.14
46.22,0.58,0.52,-0.08,-0.14
46.24,0.6,0.54,-0.12,-0.14
46.26,0.6,0.52,-0.12,-0.1
46.28,0.6,0.58,-0.12,-0.12
46.3,0.62,0.54,-0.12,-0.12
46.32,0.62,0.58,-0.12,-0.12
46.34,0.62,0.58,-0.1,-0.08
46.36,0.62,0.56,-0.1,-0.12
46.38,0.6,0.58,-0.08,-0.14
46.4,0.62,0.6,-0.1,-0.12
46.42,0.62,0.6,-0.1,-0.12
46.44,0.62,0.6,-0.12,-0.1
46.46,0.62,0.58,-0.1,-0.1
46.48,0.62,0.6,-0.1,-0.1
46.5,-0.58,0.6,0.3,-0.1
46.52,-0.68,0.6,0.22,-0.1
46.54,-0.68,0.58,0.22,-0.12
46.56,-0.7,0.62,0.18,-0.1
46.58,-0.7,0.62,0.22,-0.12
46.6,-0.7,0.62,0.2,-0.12
46.62,-0.72,0.62,0.2,-0.1
46.64,-0.74,0.62,0.2,-0.1
46.66,-0.72,-0.62,0.18,0.24
46.68,-0.74,-0.66,0.18,0.2
46.7,-0.74,-0.68,0.16,0.2
46.72,-0.74,-0.7,0.18,0.2
46.74,-0.74,-0.68,0.16,0.18
46.76,-0.76,-0.7,0.16,0.2
46.78,-0.76,-0.72,0.16,0.18
46.8,-0.74,-0.7,0.18,0.2
46.82,-0.74,-0.72,0.18,0.18
46.84,-0.78,-0.74,0.16,0.18
46.86,-0.76,-0.7,0.2,0.18
46.88,-0.76,-0.74,0.16,0.18
46.9,-0.76,-0.72,0.16,0.16
46.92,-0.78,-0.74,0.18,0.2
46.94,-0.78,-0.74,0.16,0.2
46.96,-0.78,-0.74,0.16,0.18
46.98,-0.78,-0.72,0.16,0.16
47.0,0.4,-0.74,-0.2,0.14
47.02,0.5,-0.74,-0.16,0.18
47.04,0.52,-0.74,-0.16,0.16
47.06,0.52,-0.76,-0.14,0.18
47.08,0.54,-0.76,-0.14,0.16
47.1,0.54,-0.76,-0.12,0.16
47.12,0.58,-0.76,-0.12,0.14
47.14,0.56,-0.78,-0.12,0.16
47.16,0.56,0.44,-0.14,-0.2
47.18,0.6,0.5,-0.12,-0.16
47.2,0.6,0.5,-0.12,-0.16
47.22,0.6,0.52,-0.12,-0.12
47.24,0.6,0.56,-0.14,-0.14
47.26,0.6,0.54,-0.1,-0.14
47.28,0.62,0.56,-0.1,-0.14
47.3,0.6,0.56,-0.1,-0.14
47.32,0.6,0.56,-0.12,-0.12
47.34,0.62,0.56,-0.1,-0.1
47.36,0.62,0.56,-0.12,-0.12
47.38,0.62,0.58,-0.12,-0.12
47.4,0.62,0.58,-0.12,-0.08
47.42,0.62,0.58,-0.1,-0.1
47.44,0.62,0.58,-0.12,-0.08
47.46,0.64,0.6,-0.1,-0.12
47.48,0.64,0.6,-0.1,-0.08
47.5,-0.58,0.6,0.3,-0.12
47.52,-0.68,0.6,0.22,-0.12
47.54,-0.68,0.6,0.2,-0.12
47.56,-0.7,0.62,0.22,-0.1
47.58,-0.7,0.62,0.2,-0.1
47.6,-0.72,0.62,0.18,-0.06
47.62,-0.7,0.62,0.2,-0.08
47.64,-0.74,0.62,0.18,-0.1
47.66,-0.74,-0.62,0.18,0.24
47.68,-0.74,-0.66,0.18,0.2
47.7,-0.74,-0.68,0.2,0.22
47.72,-0.74,-0.7,0.18,0.18
47.74,-0.74,-0.7,0.2,0.18
47.76,-0.76,-0.72,0.18,0.2
47.78,-0.76,-0.7,0.18,0.18
47.8,-0.74,-0.72,0.2,0.18
47.82,-0.76,-0.72,0.18,0.16
47.84,-0.78,-0.74,0.16,0.16
47.86,-0.76,-0.74,0.2,0.18
47.88,-0.76,-0.72,0.16,0.16
47.9,-0.76,-0.74,0.16,0.16
47.92,-0.78,-0.74,0.18,0.16
47.94,-0.78,-0.74,0.16,0.18
47.96,-0.76,-0.74,0.16,0.16
47.98,-0.78,-0.74,0.14,0.18
48.0,0.46,-0.74,-0.22,0.16
48.02,0.5,-0.76,-0.16,0.16
48.04,0.5,-0.74,-0.14,0.16
48.06,0.52,-0.74,-0.14,0.16
48.08,0.54,-0.74,-0.16,0.18
48.1,0.54,-0.76,-0.14,0.14
48.12,0.56,-0.76,-0.12,0.16
48.14,0.58,-0.78,-0.12,0.14
48.16,0.58,0.44,-0.12,-0.18
48.18,0.56,0.48,-0.14,-0.14
48.2,0.58,0.52,-0.12,-0.12
48.22,0.6,0.54,-0.12,-0.12
48.24,0.6,0.54,-0.12,-0.14
48.26,0.6,0.56,-0.1,-0.1
48.28,0.6,0.56,-0.12,-0.12
48.3,0.62,0.56,-0.12,-0.12
48.32,0.62,0.56,-0.12,-0.12
48.34,0.62,0.58,-0.12,-0.12
48.36,0.62,0.58,-0.12,-0.12
48.38,0.62,0.62,-0.12,-0.1
48.4,0.62,0.6,-0.1,-0.1
48.42,0.64,0.58,-0.12,-0.1
48.44,0.62,0.58,-0.12,-0.1
48.46,0.64,0.6,-0.1,-0.12
48.48,0.62,0.62,-0.1,-0.1
48.5,-0.6,0.6,0.26,-0.1
48.52,-0.66,0.58,0.22,-0.08
48.54,-0.68,0.6,0.22,-0.08
48.56,-0.72,0.62,0.22,-0.1
48.58,-0.7,0.6,0.18,-0.1
48.6,-0.72,0.62,0.2,-0.1
48.62,-0.72,0.6,0.2,-0.12
48.64,-0.72,0.6,0.16,-0.1
48.66,-0.74,-0.62,0.18,0.24
48.68,-0.74,-0.64,0.2,0.22
48.7,-0.74,-0.68,0.18,0.2
48.72,-0.74,-0.68,0.18,0.2
48.74,-0.74,-0.7,0.16,0.18
48.76,-0.74,-0.68,0.18,0.18
48.78,-0.76,-0.7,0.18,0.2
48.8,-0.74,-0.74,0.16,0.18
48.82,-0.76,-0.72,0.16,0.2
48.84,-0.78,-0.74,0.16,0.18
48.86,-0.78,-0.74,0.16,0.18
48.88,-0.76,-0.74,0.18,0.18
48.9,-0.76,-0.74,0.16,0.16
48.92,-0.78,-0.74,0.16,0.18
48.94,-0.76,-0.74,0.16,0.16
48.96,-0.8,-0.74,0.12,0.16
48.98,-0.78,-0.74,0.18,0.16
49.0,0.44,-0.76,-0.2,0.16
49.02,0.5,-0.74,-0.16,0.18
49.04,0.5,-0.74,-0.14,0.18
49.06,0.52,-0.76,-0.14,0.16
49.08,0.54,-0.76,-0.14,0.16
49.1,0.56,-0.74,-0.12,0.14
49.12,0.56,-0.76,-0.12,0.16
49.14,0.56,-0.74,-0.12,0.18
49.16,0.56,0.46,-0.14,-0.18
49.18,0.58,0.5,-0.12,-0.14
49.2,0.6,0.52,-0.12,-0.14
49.22,0.6,0.52,-0.12,-0.14
49.24,0.58,0.52,-0.1,-0.14
49.26,0.62,0.54,-0.1,-0.14
49.28,0.62,0.56,-0.12,-0.12
49.3,0.6,0.58,-0.1,-0.14
49.32,0.6,0.56,-0.12,-0.12
49.34,0.6,0.56,-0.1,-0.12
49.36,0.62,0.58,-0.1,-0.12
49.38,0.62,0.58,-0.1,-0.12
49.4,0.62,0.58,-0.1,-0.12
49.42,0.64,0.58,-0.12,-0.1
49.44,0.62,0.58,-0.12,-0.1
49.46,0.62,0.6,-0.1,-0.12
49.48,0.62,0.6,-0.12,-0.1
49.5,-0.6,0.62,0.28,-0.1
49.52,-0.66,0.6,0.24,-0.12
49.54,-0.7,0.62,0.22,-0.12
49.56,-0.68,0.6,0.22,-0.1
49.58,-0.7,0.62,0.2,-0.1
49.6,-0.72,0.62,0.2,-0.1
49.62,-0.7,0.62,0.18,-0.1
49.64,-0.72,0.62,0.18,-0.08
49.66,-0.74,-0.62,0.18,0.26
49.68,-0.74,-0.66,0.2,0.22
49.7,-0.74,-0.68,0.18,0.2
49.72,-0.74,-0.68,0.16,0.2
49.74,-0.74,-0.7,0.16,0.18
49.76,-0.76,-0.7,0.16,0.16
49.78,-0.74,-0.72,0.18,0.18
49.8,-0.76,-0.72,0.18,0.16
49.82,-0.76,-0.72,0.18,0.18
49.84,-0.74,-0.72,0.18,0.18
49.86,-0.76,-0.74,0.16,0.18
49.88,-0.76,-0.72,0.16,0.16
49.9,-0.76,-0.74,0.16,0.18
49.92,-0.76,-0.72,0.16,0.16
49.94,-0.76,-0.74,0.18,0.18
49.96,-1.56,-0.74,-3.56,0.16
49.98,-1.56,-0.74,-3.56,0.16
