Record Length,2.500000e+03,,   0.000000000000,   0.08000,
Sample Interval,2.000000e-02,,   0.020000000000,   0.12000,
Trigger Point,0.000000000000e+00,,   0.040000000000,   0.12000,
,,,   0.060000000000,   0.15200,
,,,   0.080000000000,   0.06400,
,,,   0.100000000000,   0.07200,
Source,CH1,,   0.120000000000,   0.04000,
Vertical Units,V,,   0.140000000000,   0.06400,
Vertical Scale,2.000000e-01,,   0.160000000000,   0.03200,
Vertical Offset,2.960000e-01,,   0.180000000000,   0.08000,
Horizontal Units,s,,   0.200000000000,   0.01600,
Horizontal Scale,5.000000e+00,,   0.220000000000,   0.08000,
Pt Fmt,Y,,   0.240000000000,   0.06400,
Yzero,0.000000e+00,,   0.260000000000,   0.10400,
Probe Atten,1.000000e+00,,   0.280000000000,   0.09600,
Model Number,TDS1012C-EDU,,   0.300000000000,   0.19200,
Serial Number,C010951,,   0.320000000000,   0.10400,
Firmware Version,FV:v25.04,,   0.340000000000,   0.04000,
,,,0.360000000000,   0.15200,
,,,0.380000000000,  -0.16800,
,,,0.400000000000,  -0.13600,
,,,0.420000000000,  -0.10400,
,,,0.440000000000,  -0.01600,
,,,0.460000000000,  -0.08000,
,,,0.480000000000,  -0.09600,
,,,0.500000000000,  -0.12000,
,,,0.520000000000,  -0.09600,
,,,0.540000000000,   0.00800,
,,,0.560000000000,  -0.13600,
,,,0.580000000000,  -0.08800,
,,,0.600000000000,  -0.12000,
,,,0.620000000000,  -0.05600,
,,,0.640000000000,  -0.04800,
,,,0.660000000000,  -0.01600,
,,,0.680000000000,  -0.14400,
,,,0.700000000000,  -0.12000,
,,,0.720000000000,  -0.01600,
,,,0.740000000000,  -0.04000,
,,,0.760000000000,  -0.15200,
,,,0.780000000000,  -0.14400,
,,,0.800000000000,  -0.11200,
,,,0.820000000000,  -0.12800,
,,,0.840000000000,  -0.03200,
,,,0.860000000000,  -0.07200,
,,,0.880000000000,   0.12800,
,,,0.900000000000,   0.08000,
,,,0.920000000000,   0.14400,
,,,0.940000000000,   0.17600,
,,,0.960000000000,   0.18400,
,,,0.980000000000,   0.02400,
,,,1.000000000000,   0.23200,
,,,1.020000000000,   0.11200,
,,,1.040000000000,   0.07200,
,,,1.060000000000,   0.09600,
,,,1.080000000000,   0.12000,
,,,1.100000000000,   0.07200,
,,,1.120000000000,   0.11200,
,,,1.140000000000,   0.12800,
,,,1.160000000000,   0.09600,
,,,1.180000000000,   0.11200,
,,,1.200000000000,   0.12800,
,,,1.220000000000,   0.12800,
,,,1.240000000000,   0.11200,
,,,1.260000000000,   0.11200,
,,,1.280000000000,   0.06400,
,,,1.300000000000,   0.07200,
,,,1.320000000000,   0.15200,
,,,1.340000000000,   0.11200,
,,,1.360000000000,   0.13600,
,,,1.380000000000,  -0.17600,
,,,1.400000000000,  -0.13600,
,,,1.420000000000,  -0.02400,
,,,1.440000000000,  -0.12000,
,,,1.460000000000,  -0.26400,
,,,1.480000000000,  -0.07200,
,,,1.500000000000,  -0.09600,
,,,1.520000000000,  -0.02400,
,,,1.540000000000,  -0.12000,
,,,1.560000000000,  -0.07200,
,,,1.580000000000,  -0.01600,
,,,1.600000000000,  -0.11200,
,,,1.620000000000,  -0.08800,
,,,1.640000000000,  -0.06400,
,,,1.660000000000,  -0.08000,
,,,1.680000000000,  -0.11200,
,,,1.700000000000,  -0.05600,
,,,1.720000000000,  -0.11200,
,,,1.740000000000,  -0.08000,
,,,1.760000000000,  -0.09600,
,,,1.780000000000,  -0.08000,
,,,1.800000000000,  -0.11200,
,,,1.820000000000,  -0.08800,
,,,1.840000000000,  -0.03200,
,,,1.860000000000,  -0.07200,
,,,1.880000000000,   0.20800,
,,,1.900000000000,   0.13600,
,,,1.920000000000,   0.09600,
,,,1.940000000000,   0.08800,
,,,1.960000000000,   0.16800,
,,,1.980000000000,   0.21600,
,,,2.000000000000,   0.16000,
,,,2.020000000000,   0.13600,
,,,2.040000000000,   0.30400,
,,,2.060000000000,   0.09600,
,,,2.080000000000,  -0.12000,
,,,2.100000000000,   0.12800,
,,,2.120000000000,   0.23200,
,,,2.140000000000,   0.16000,
,,,2.160000000000,   0.09600,
,,,2.180000000000,   0.08800,
,,,2.200000000000,   0.07200,
,,,2.220000000000,   0.10400,
,,,2.240000000000,   0.13600,
,,,2.260000000000,   0.11200,
,,,2.280000000000,   0.04000,
,,,2.300000000000,   0.07200,
,,,2.320000000000,   0.12800,
,,,2.340000000000,   0.10400,
,,,2.360000000000,   0.07200,
,,,2.380000000000,  -0.14400,
,,,2.400000000000,  -0.15200,
,,,2.420000000000,  -0.10400,
,,,2.440000000000,  -0.12800,
,,,2.460000000000,  -0.12000,
,,,2.480000000000,  -0.15200,
,,,2.500000000000,  -0.07200,
,,,2.520000000000,  -0.06400,
,,,2.540000000000,  -0.05600,
,,,2.560000000000,  -0.13600,
,,,2.580000000000,  -0.04800,
,,,2.600000000000,  -0.12000,
,,,2.620000000000,  -0.04000,
,,,2.640000000000,  -0.02400,
,,,2.660000000000,  -0.16000,
,,,2.680000000000,  -0.16000,
,,,2.700000000000,  -0.04800,
,,,2.720000000000,  -0.12000,
,,,2.740000000000,  -0.08800,
,,,2.760000000000,  -0.10400,
,,,2.780000000000,  -0.13600,
,,,2.800000000000,  -0.15200,
,,,2.820000000000,  -0.08000,
,,,2.840000000000,  -0.10400,
,,,2.860000000000,  -0.11200,
,,,2.880000000000,   0.12800,
,,,2.900000000000,   0.14400,
,,,2.920000000000,   0.09600,
,,,2.940000000000,   0.19200,
,,,2.960000000000,   0.09600,
,,,2.980000000000,   0.09600,
,,,3.000000000000,   0.13600,
,,,3.020000000000,   0.12800,
,,,3.040000000000,   0.13600,
,,,3.060000000000,   0.11200,
,,,3.080000000000,   0.08000,
,,,3.100000000000,   0.01600,
,,,3.120000000000,   0.08800,
,,,3.140000000000,   0.12000,
,,,3.160000000000,   0.12800,
,,,3.180000000000,   0.04800,
,,,3.200000000000,   0.08800,
,,,3.220000000000,   0.18400,
,,,3.240000000000,   0.16800,
,,,3.260000000000,   0.18400,
,,,3.280000000000,   0.15200,
,,,3.300000000000,   0.11200,
,,,3.320000000000,   0.13600,
,,,3.340000000000,   0.01600,
,,,3.360000000000,   0.09600,
,,,3.380000000000,  -0.12000,
,,,3.400000000000,  -0.10400,
,,,3.420000000000,  -0.12800,
,,,3.440000000000,  -0.08800,
,,,3.460000000000,  -0.08800,
,,,3.480000000000,  -0.16000,
,,,3.500000000000,  -0.11200,
,,,3.520000000000,  -0.07200,
,,,3.540000000000,  -0.08800,
,,,3.560000000000,  -0.13600,
,,,3.580000000000,  -0.11200,
,,,3.600000000000,  -0.08800,
,,,3.620000000000,  -0.10400,
,,,3.640000000000,  -0.07200,
,,,3.660000000000,  -0.10400,
,,,3.680000000000,  -0.15200,
,,,3.700000000000,  -0.11200,
,,,3.720000000000,  -0.04000,
,,,3.740000000000,  -0.08800,
,,,3.760000000000,  -0.09600,
,,,3.780000000000,  -0.11200,
,,,3.800000000000,  -0.08800,
,,,3.820000000000,  -0.02400,
,,,3.840000000000,  -0.09600,
,,,3.860000000000,  -0.14400,
,,,3.880000000000,   0.16800,
,,,3.900000000000,   0.12000,
,,,3.920000000000,   0.13600,
,,,3.940000000000,   0.13600,
,,,3.960000000000,   0.16800,
,,,3.980000000000,   0.11200,
,,,4.000000000000,   0.07200,
,,,4.020000000000,   0.05600,
,,,4.040000000000,   0.15200,
,,,4.060000000000,   0.08800,
,,,4.080000000000,   0.12800,
,,,4.100000000000,   0.14400,
,,,4.120000000000,   0.12000,
,,,4.140000000000,  -0.00800,
,,,4.160000000000,   0.09600,
,,,4.180000000000,   0.03200,
,,,4.200000000000,   0.09600,
,,,4.220000000000,   0.08800,
,,,4.240000000000,   0.21600,
,,,4.260000000000,   0.12800,
,,,4.280000000000,   0.06400,
,,,4.300000000000,   0.10400,
,,,4.320000000000,   0.12000,
,,,4.340000000000,   0.08000,
,,,4.360000000000,   0.14400,
,,,4.380000000000,  -0.20800,
,,,4.400000000000,  -0.12000,
,,,4.420000000000,  -0.08800,
,,,4.440000000000,  -0.08800,
,,,4.460000000000,  -0.13600,
,,,4.480000000000,  -0.12000,
,,,4.500000000000,  -0.12800,
,,,4.520000000000,  -0.10400,
,,,4.540000000000,  -0.03200,
,,,4.560000000000,  -0.11200,
,,,4.580000000000,  -0.10400,
,,,4.600000000000,  -0.11200,
,,,4.620000000000,  -0.13600,
,,,4.640000000000,  -0.06400,
,,,4.660000000000,  -0.12800,
,,,4.680000000000,  -0.16800,
,,,4.700000000000,  -0.12000,
,,,4.720000000000,  -0.08000,
,,,4.740000000000,  -0.05600,
,,,4.760000000000,  -0.12000,
,,,4.780000000000,  -0.08800,
,,,4.800000000000,  -0.10400,
,,,4.820000000000,  -0.03200,
,,,4.840000000000,  -0.06400,
,,,4.860000000000,  -0.16000,
,,,4.880000000000,   0.09600,
,,,4.900000000000,   0.07200,
,,,4.920000000000,   0.12000,
,,,4.940000000000,   0.12000,
,,,4.960000000000,   0.17600,
,,,4.980000000000,   0.08800,
,,,5.000000000000,   0.07200,
,,,5.020000000000,   0.18400,
,,,5.040000000000,   0.13600,
,,,5.060000000000,   0.12800,
,,,5.080000000000,   0.11200,
,,,5.100000000000,   0.10400,
,,,5.120000000000,   0.11200,
,,,5.140000000000,   0.07200,
,,,5.160000000000,   0.07200,
,,,5.180000000000,   0.07200,
,,,5.200000000000,   0.20000,
,,,5.220000000000,   0.08800,
,,,5.240000000000,   0.12000,
,,,5.260000000000,   0.00000,
,,,5.280000000000,   0.04800,
,,,5.300000000000,   0.11200,
,,,5.320000000000,   0.14400,
,,,5.340000000000,   0.08000,
,,,5.360000000000,   0.11200,
,,,5.380000000000,  -0.11200,
,,,5.400000000000,  -0.10400,
,,,5.420000000000,   0.04000,
,,,5.440000000000,  -0.10400,
,,,5.460000000000,  -0.13600,
,,,5.480000000000,  -0.08800,
,,,5.500000000000,  -0.10400,
,,,5.520000000000,  -0.08800,
,,,5.540000000000,  -0.04800,
,,,5.560000000000,  -0.09600,
,,,5.580000000000,  -0.09600,
,,,5.600000000000,  -0.10400,
,,,5.620000000000,  -0.11200,
,,,5.640000000000,  -0.16800,
,,,5.660000000000,  -0.12000,
,,,5.680000000000,  -0.12000,
,,,5.700000000000,  -0.10400,
,,,5.720000000000,  -0.04800,
,,,5.740000000000,  -0.04800,
,,,5.760000000000,  -0.15200,
,,,5.780000000000,  -0.06400,
,,,5.800000000000,  -0.13600,
,,,5.820000000000,  -0.09600,
,,,5.840000000000,  -0.04800,
,,,5.860000000000,   0.09600,
,,,5.880000000000,   0.03200,
,,,5.900000000000,   0.05600,
,,,5.920000000000,   0.08800,
,,,5.940000000000,   0.12000,
,,,5.960000000000,   0.00800,
,,,5.980000000000,   0.08800,
,,,6.000000000000,   0.06400,
,,,6.020000000000,   0.09600,
,,,6.040000000000,   0.09600,
,,,6.060000000000,   0.10400,
,,,6.080000000000,   0.12800,
,,,6.100000000000,   0.12800,
,,,6.120000000000,   0.12800,
,,,6.140000000000,   0.12800,
,,,6.160000000000,   0.04800,
,,,6.180000000000,   0.08800,
,,,6.200000000000,   0.10400,
,,,6.220000000000,   0.12800,
,,,6.240000000000,   0.12000,
,,,6.260000000000,   0.08800,
,,,6.280000000000,   0.07200,
,,,6.300000000000,   0.09600,
,,,6.320000000000,   0.10400,
,,,6.340000000000,   0.08800,
,,,6.360000000000,  -0.13600,
,,,6.380000000000,  -0.12800,
,,,6.400000000000,  -0.09600,
,,,6.420000000000,  -0.08800,
,,,6.440000000000,  -0.06400,
,,,6.460000000000,  -0.09600,
,,,6.480000000000,  -0.12800,
,,,6.500000000000,  -0.11200,
,,,6.520000000000,  -0.13600,
,,,6.540000000000,  -0.05600,
,,,6.560000000000,  -0.13600,
,,,6.580000000000,  -0.12800,
,,,6.600000000000,  -0.09600,
,,,6.620000000000,  -0.09600,
,,,6.640000000000,  -0.04000,
,,,6.660000000000,  -0.10400,
,,,6.680000000000,  -0.08000,
,,,6.700000000000,  -0.12800,
,,,6.720000000000,  -0.07200,
,,,6.740000000000,  -0.06400,
,,,6.760000000000,  -0.14400,
,,,6.780000000000,  -0.16800,
,,,6.800000000000,  -0.11200,
,,,6.820000000000,  -0.08000,
,,,6.840000000000,  -0.03200,
,,,6.860000000000,   0.09600,
,,,6.880000000000,   0.11200,
,,,6.900000000000,   0.11200,
,,,6.920000000000,   0.12800,
,,,6.940000000000,   0.14400,
,,,6.960000000000,   0.12000,
,,,6.980000000000,   0.08800,
,,,7.000000000000,   0.11200,
,,,7.020000000000,   0.11200,
,,,7.040000000000,   0.20800,
,,,7.060000000000,   0.05600,
,,,7.080000000000,   0.08800,
,,,7.100000000000,   0.12000,
,,,7.120000000000,   0.12800,
,,,7.140000000000,   0.11200,
,,,7.160000000000,   0.08000,
,,,7.180000000000,   0.02400,
,,,7.200000000000,   0.10400,
,,,7.220000000000,   0.12000,
,,,7.240000000000,   0.12000,
,,,7.260000000000,   0.10400,
,,,7.280000000000,   0.12800,
,,,7.300000000000,   0.08800,
,,,7.320000000000,   0.16000,
,,,7.340000000000,   0.04000,
,,,7.360000000000,  -0.14400,
,,,7.380000000000,  -0.13600,
,,,7.400000000000,  -0.14400,
,,,7.420000000000,  -0.13600,
,,,7.440000000000,  -0.03200,
,,,7.460000000000,  -0.04800,
,,,7.480000000000,  -0.08800,
,,,7.500000000000,  -0.10400,
,,,7.520000000000,  -0.07200,
,,,7.540000000000,  -0.06400,
,,,7.560000000000,  -0.10400,
,,,7.580000000000,  -0.12800,
,,,7.600000000000,  -0.10400,
,,,7.620000000000,  -0.04000,
,,,7.640000000000,  -0.06400,
,,,7.660000000000,  -0.11200,
,,,7.680000000000,  -0.12000,
,,,7.700000000000,  -0.10400,
,,,7.720000000000,  -0.11200,
,,,7.740000000000,  -0.10400,
,,,7.760000000000,  -0.06400,
,,,7.780000000000,  -0.03200,
,,,7.800000000000,  -0.09600,
,,,7.820000000000,  -0.18400,
,,,7.840000000000,  -0.08000,
,,,7.860000000000,   0.07200,
,,,7.880000000000,   0.05600,
,,,7.900000000000,   0.12800,
,,,7.920000000000,   0.33600,
,,,7.940000000000,   0.16000,
,,,7.960000000000,   0.00000,
,,,7.980000000000,   0.04800,
,,,8.000000000000,   0.12800,
,,,8.020000000000,   0.13600,
,,,8.040000000000,   0.13600,
,,,8.060000000000,   0.16800,
,,,8.080000000000,   0.04800,
,,,8.100000000000,   0.09600,
,,,8.120000000000,   0.12800,
,,,8.140000000000,   0.05600,
,,,8.160000000000,   0.11200,
,,,8.180000000000,   0.09600,
,,,8.200000000000,   0.14400,
,,,8.220000000000,   0.16800,
,,,8.240000000000,   0.14400,
,,,8.260000000000,   0.14400,
,,,8.280000000000,   0.12800,
,,,8.300000000000,   0.16000,
,,,8.320000000000,   0.03200,
,,,8.340000000000,   0.09600,
,,,8.360000000000,  -0.14400,
,,,8.380000000000,  -0.13600,
,,,8.400000000000,  -0.12000,
,,,8.420000000000,  -0.12800,
,,,8.440000000000,  -0.08000,
,,,8.460000000000,  -0.16000,
,,,8.480000000000,  -0.20800,
,,,8.500000000000,  -0.07200,
,,,8.520000000000,  -0.03200,
,,,8.540000000000,  -0.08000,
,,,8.560000000000,  -0.04800,
,,,8.580000000000,  -0.14400,
,,,8.600000000000,  -0.10400,
,,,8.620000000000,  -0.09600,
,,,8.640000000000,   0.04800,
,,,8.660000000000,  -0.13600,
,,,8.680000000000,  -0.17600,
,,,8.700000000000,  -0.07200,
,,,8.720000000000,  -0.04800,
,,,8.740000000000,  -0.06400,
,,,8.760000000000,  -0.08800,
,,,8.780000000000,  -0.02400,
,,,8.800000000000,  -0.12000,
,,,8.820000000000,  -0.05600,
,,,8.840000000000,  -0.07200,
,,,8.860000000000,   0.11200,
,,,8.880000000000,   0.08000,
,,,8.900000000000,   0.14400,
,,,8.920000000000,   0.14400,
,,,8.940000000000,   0.13600,
,,,8.960000000000,   0.08000,
,,,8.980000000000,   0.07200,
,,,9.000000000000,   0.07200,
,,,9.020000000000,   0.09600,
,,,9.040000000000,   0.14400,
,,,9.060000000000,   0.08800,
,,,9.080000000000,   0.06400,
,,,9.100000000000,   0.10400,
,,,9.120000000000,   0.08800,
,,,9.140000000000,   0.12000,
,,,9.160000000000,   0.05600,
,,,9.180000000000,   0.03200,
,,,9.200000000000,   0.10400,
,,,9.220000000000,   0.18400,
,,,9.240000000000,   0.08000,
,,,9.260000000000,   0.07200,
,,,9.280000000000,   0.11200,
,,,9.300000000000,   0.08000,
,,,9.320000000000,   0.14400,
,,,9.340000000000,   0.09600,
,,,9.360000000000,  -0.13600,
,,,9.380000000000,  -0.13600,
,,,9.400000000000,  -0.08800,
,,,9.420000000000,  -0.06400,
,,,9.440000000000,  -0.07200,
,,,9.460000000000,  -0.20800,
,,,9.480000000000,  -0.02400,
,,,9.500000000000,  -0.10400,
,,,9.520000000000,   0.01600,
,,,9.540000000000,  -0.08000,
,,,9.560000000000,  -0.09600,
,,,9.580000000000,  -0.23200,
,,,9.600000000000,  -0.10400,
,,,9.620000000000,  -0.08000,
,,,9.640000000000,  -0.10400,
,,,9.660000000000,  -0.11200,
,,,9.680000000000,  -0.13600,
,,,9.700000000000,  -0.08000,
,,,9.720000000000,  -0.10400,
,,,9.740000000000,  -0.07200,
,,,9.760000000000,  -0.13600,
,,,9.780000000000,  -0.10400,
,,,9.800000000000,  -0.08000,
,,,9.820000000000,  -0.15200,
,,,9.840000000000,  -0.03200,
,,,9.860000000000,   0.10400,
,,,9.880000000000,   0.08000,
,,,9.900000000000,   0.14400,
,,,9.920000000000,   0.15200,
,,,9.940000000000,   0.08000,
,,,9.960000000000,   0.06400,
,,,9.980000000000,   0.05600,
,,,10.000000000000,   0.08000,
,,,10.020000000000,   0.16000,
,,,10.040000000000,   0.18400,
,,,10.060000000000,   0.06400,
,,,10.080000000000,   0.13600,
,,,10.100000000000,   0.13600,
,,,10.120000000000,   0.11200,
,,,10.140000000000,   0.13600,
,,,10.160000000000,   0.06400,
,,,10.180000000000,   0.11200,
,,,10.200000000000,   0.08000,
,,,10.220000000000,   0.09600,
,,,10.240000000000,   0.16000,
,,,10.260000000000,   0.08000,
,,,10.280000000000,   0.00800,
,,,10.300000000000,   0.04000,
,,,10.320000000000,   0.05600,
,,,10.340000000000,   0.13600,
,,,10.360000000000,  -0.14400,
,,,10.380000000000,  -0.11200,
,,,10.400000000000,  -0.10400,
,,,10.420000000000,  -0.03200,
,,,10.440000000000,  -0.12800,
,,,10.460000000000,  -0.09600,
,,,10.480000000000,  -0.04000,
,,,10.500000000000,  -0.11200,
,,,10.520000000000,  -0.08800,
,,,10.540000000000,  -0.09600,
,,,10.560000000000,  -0.03200,
,,,10.580000000000,  -0.12000,
,,,10.600000000000,  -0.14400,
,,,10.620000000000,  -0.08000,
,,,10.640000000000,   0.00800,
,,,10.660000000000,  -0.14400,
,,,10.680000000000,  -0.11200,
,,,10.700000000000,  -0.09600,
,,,10.720000000000,  -0.14400,
,,,10.740000000000,  -0.14400,
,,,10.760000000000,  -0.19200,
,,,10.780000000000,  -0.17600,
,,,10.800000000000,  -0.12000,
,,,10.820000000000,  -0.16800,
,,,10.840000000000,   0.14400,
,,,10.860000000000,   0.09600,
,,,10.880000000000,  -0.01600,
,,,10.900000000000,   0.11200,
,,,10.920000000000,   0.02400,
,,,10.940000000000,   0.12800,
,,,10.960000000000,   0.09600,
,,,10.980000000000,  -0.02400,
,,,11.000000000000,   0.12800,
,,,11.020000000000,   0.10400,
,,,11.040000000000,   0.07200,
,,,11.060000000000,   0.05600,
,,,11.080000000000,   0.01600,
,,,11.100000000000,   0.18400,
,,,11.120000000000,   0.07200,
,,,11.140000000000,   0.09600,
,,,11.160000000000,   0.07200,
,,,11.180000000000,   0.04000,
,,,11.200000000000,   0.09600,
,,,11.220000000000,   0.08000,
,,,11.240000000000,   0.14400,
,,,11.260000000000,   0.12800,
,,,11.280000000000,   0.20000,
,,,11.300000000000,   0.12800,
,,,11.320000000000,   0.14400,
,,,11.340000000000,  -0.02400,
,,,11.360000000000,  -0.13600,
,,,11.380000000000,  -0.08800,
,,,11.400000000000,  -0.06400,
,,,11.420000000000,   0.00000,
,,,11.440000000000,  -0.07200,
,,,11.460000000000,  -0.13600,
,,,11.480000000000,  -0.09600,
,,,11.500000000000,  -0.13600,
,,,11.520000000000,   0.00000,
,,,11.540000000000,  -0.05600,
,,,11.560000000000,  -0.05600,
,,,11.580000000000,  -0.04000,
,,,11.600000000000,  -0.14400,
,,,11.620000000000,  -0.03200,
,,,11.640000000000,  -0.04800,
,,,11.660000000000,  -0.09600,
,,,11.680000000000,  -0.06400,
,,,11.700000000000,  -0.16000,
,,,11.720000000000,  -0.02400,
,,,11.740000000000,  -0.11200,
,,,11.760000000000,  -0.03200,
,,,11.780000000000,  -0.11200,
,,,11.800000000000,  -0.08000,
,,,11.820000000000,  -0.02400,
,,,11.840000000000,   0.10400,
,,,11.860000000000,   0.10400,
,,,11.880000000000,   0.10400,
,,,11.900000000000,   0.13600,
,,,11.920000000000,   0.11200,
,,,11.940000000000,   0.12800,
,,,11.960000000000,   0.10400,
,,,11.980000000000,   0.04800,
,,,12.000000000000,   0.12800,
,,,12.020000000000,   0.07200,
,,,12.040000000000,   0.12800,
,,,12.060000000000,   0.12000,
,,,12.080000000000,   0.00000,
,,,12.100000000000,   0.08000,
,,,12.120000000000,   0.05600,
,,,12.140000000000,   0.12800,
,,,12.160000000000,   0.07200,
,,,12.180000000000,   0.07200,
,,,12.200000000000,   0.11200,
,,,12.220000000000,   0.13600,
,,,12.240000000000,   0.11200,
,,,12.260000000000,   0.08800,
,,,12.280000000000,   0.03200,
,,,12.300000000000,   0.08000,
,,,12.320000000000,   0.17600,
,,,12.340000000000,  -0.11200,
,,,12.360000000000,  -0.12000,
,,,12.380000000000,  -0.12800,
,,,12.400000000000,  -0.11200,
,,,12.420000000000,  -0.04000,
,,,12.440000000000,  -0.04000,
,,,12.460000000000,  -0.09600,
,,,12.480000000000,  -0.19200,
,,,12.500000000000,  -0.10400,
,,,12.520000000000,  -0.09600,
,,,12.540000000000,  -0.04800,
,,,12.560000000000,  -0.11200,
,,,12.580000000000,  -0.16000,
,,,12.600000000000,   0.04800,
,,,12.620000000000,  -0.14400,
,,,12.640000000000,  -0.10400,
,,,12.660000000000,  -0.16800,
,,,12.680000000000,  -0.15200,
,,,12.700000000000,  -0.08000,
,,,12.720000000000,  -0.16800,
,,,12.740000000000,  -0.24000,
,,,12.760000000000,  -0.06400,
,,,12.780000000000,   0.04800,
,,,12.800000000000,  -0.01600,
,,,12.820000000000,  -0.11200,
,,,12.840000000000,   0.08800,
,,,12.860000000000,   0.13600,
,,,12.880000000000,   0.14400,
,,,12.900000000000,   0.15200,
,,,12.920000000000,   0.17600,
,,,12.940000000000,   0.13600,
,,,12.960000000000,   0.13600,
,,,12.980000000000,   0.00000,
,,,13.000000000000,   0.13600,
,,,13.020000000000,   0.15200,
,,,13.040000000000,   0.07200,
,,,13.060000000000,   0.13600,
,,,13.080000000000,  -0.01600,
,,,13.100000000000,   0.08000,
,,,13.120000000000,   0.10400,
,,,13.140000000000,   0.19200,
,,,13.160000000000,   0.11200,
,,,13.180000000000,   0.09600,
,,,13.200000000000,   0.07200,
,,,13.220000000000,   0.10400,
,,,13.240000000000,   0.28800,
,,,13.260000000000,   0.07200,
,,,13.280000000000,   0.18400,
,,,13.300000000000,   0.07200,
,,,13.320000000000,   0.12000,
,,,13.340000000000,  -0.06400,
,,,13.360000000000,  -0.08800,
,,,13.380000000000,  -0.07200,
,,,13.400000000000,  -0.22400,
,,,13.420000000000,  -0.14400,
,,,13.440000000000,  -0.10400,
,,,13.460000000000,  -0.13600,
,,,13.480000000000,  -0.13600,
,,,13.500000000000,  -0.15200,
,,,13.520000000000,  -0.08000,
,,,13.540000000000,  -0.06400,
,,,13.560000000000,  -0.08800,
,,,13.580000000000,  -0.18400,
,,,13.600000000000,  -0.09600,
,,,13.620000000000,  -0.07200,
,,,13.640000000000,  -0.06400,
,,,13.660000000000,  -0.06400,
,,,13.680000000000,   0.00800,
,,,13.700000000000,  -0.16000,
,,,13.720000000000,  -0.08800,
,,,13.740000000000,  -0.10400,
,,,13.760000000000,  -0.04800,
,,,13.780000000000,  -0.12800,
,,,13.800000000000,  -0.12800,
,,,13.820000000000,  -0.08800,
,,,13.840000000000,   0.12800,
,,,13.860000000000,   0.12000,
,,,13.880000000000,   0.08800,
,,,13.900000000000,   0.10400,
,,,13.920000000000,   0.04000,
,,,13.940000000000,   0.13600,
,,,13.960000000000,   0.12800,
,,,13.980000000000,   0.09600,
,,,14.000000000000,   0.09600,
,,,14.020000000000,   0.11200,
,,,14.040000000000,   0.12800,
,,,14.060000000000,   0.02400,
,,,14.080000000000,   0.05600,
,,,14.100000000000,   0.05600,
,,,14.120000000000,   0.09600,
,,,14.140000000000,   0.09600,
,,,14.160000000000,   0.12800,
,,,14.180000000000,   0.04800,
,,,14.200000000000,   0.06400,
,,,14.220000000000,   0.11200,
,,,14.240000000000,   0.09600,
,,,14.260000000000,   0.02400,
,,,14.280000000000,   0.04000,
,,,14.300000000000,   0.08800,
,,,14.320000000000,   0.10400,
,,,14.340000000000,  -0.09600,
,,,14.360000000000,  -0.09600,
,,,14.380000000000,  -0.13600,
,,,14.400000000000,  -0.14400,
,,,14.420000000000,  -0.08800,
,,,14.440000000000,  -0.07200,
,,,14.460000000000,  -0.12800,
,,,14.480000000000,  -0.11200,
,,,14.500000000000,  -0.13600,
,,,14.520000000000,  -0.10400,
,,,14.540000000000,   0.00000,
,,,14.560000000000,  -0.11200,
,,,14.580000000000,  -0.09600,
,,,14.600000000000,  -0.08000,
,,,14.620000000000,  -0.09600,
,,,14.640000000000,  -0.08000,
,,,14.660000000000,  -0.10400,
,,,14.680000000000,  -0.09600,
,,,14.700000000000,  -0.12000,
,,,14.720000000000,  -0.10400,
,,,14.740000000000,  -0.07200,
,,,14.760000000000,  -0.08000,
,,,14.780000000000,  -0.06400,
,,,14.800000000000,  -0.12800,
,,,14.820000000000,  -0.10400,
,,,14.840000000000,   0.15200,
,,,14.860000000000,   0.12000,
,,,14.880000000000,   0.10400,
,,,14.900000000000,   0.07200,
,,,14.920000000000,   0.12800,
,,,14.940000000000,   0.15200,
,,,14.960000000000,   0.16000,
,,,14.980000000000,   0.08000,
,,,15.000000000000,   0.10400,
,,,15.020000000000,   0.07200,
,,,15.040000000000,   0.17600,
,,,15.060000000000,   0.09600,
,,,15.080000000000,   0.07200,
,,,15.100000000000,   0.16000,
,,,15.120000000000,   0.10400,
,,,15.140000000000,   0.13600,
,,,15.160000000000,   0.04800,
,,,15.180000000000,   0.05600,
,,,15.200000000000,   0.04000,
,,,15.220000000000,   0.12800,
,,,15.240000000000,   0.08800,
,,,15.260000000000,   0.05600,
,,,15.280000000000,   0.07200,
,,,15.300000000000,   0.02400,
,,,15.320000000000,   0.07200,
,,,15.340000000000,  -0.07200,
,,,15.360000000000,  -0.09600,
,,,15.380000000000,  -0.03200,
,,,15.400000000000,  -0.14400,
,,,15.420000000000,  -0.14400,
,,,15.440000000000,  -0.10400,
,,,15.460000000000,  -0.10400,
,,,15.480000000000,  -0.12000,
,,,15.500000000000,  -0.13600,
,,,15.520000000000,  -0.08000,
,,,15.540000000000,  -0.01600,
,,,15.560000000000,  -0.07200,
,,,15.580000000000,  -0.11200,
,,,15.600000000000,  -0.13600,
,,,15.620000000000,  -0.10400,
,,,15.640000000000,  -0.08000,
,,,15.660000000000,  -0.05600,
,,,15.680000000000,  -0.12000,
,,,15.700000000000,  -0.10400,
,,,15.720000000000,  -0.12800,
,,,15.740000000000,  -0.03200,
,,,15.760000000000,  -0.09600,
,,,15.780000000000,  -0.08800,
,,,15.800000000000,  -0.10400,
,,,15.820000000000,  -0.05600,
,,,15.840000000000,   0.13600,
,,,15.860000000000,   0.13600,
,,,15.880000000000,   0.16000,
,,,15.900000000000,   0.08800,
,,,15.920000000000,   0.08000,
,,,15.940000000000,   0.15200,
,,,15.960000000000,   0.13600,
,,,15.980000000000,   0.13600,
,,,16.000000000000,   0.08000,
,,,16.020000000000,   0.09600,
,,,16.040000000000,   0.09600,
,,,16.060000000000,   0.17600,
,,,16.080000000000,   0.00800,
,,,16.100000000000,   0.07200,
,,,16.120000000000,   0.05600,
,,,16.140000000000,   0.08800,
,,,16.160000000000,   0.10400,
,,,16.180000000000,   0.20800,
,,,16.200000000000,   0.18400,
,,,16.220000000000,  -0.02400,
,,,16.240000000000,   0.11200,
,,,16.260000000000,   0.25600,
,,,16.280000000000,   0.12800,
,,,16.300000000000,   0.00000,
,,,16.320000000000,  -0.20800,
,,,16.340000000000,  -0.13600,
,,,16.360000000000,  -0.12800,
,,,16.380000000000,  -0.10400,
,,,16.400000000000,  -0.09600,
,,,16.420000000000,  -0.14400,
,,,16.440000000000,  -0.10400,
,,,16.460000000000,  -0.01600,
,,,16.480000000000,  -0.11200,
,,,16.500000000000,  -0.16000,
,,,16.520000000000,  -0.12800,
,,,16.540000000000,  -0.13600,
,,,16.560000000000,  -0.13600,
,,,16.580000000000,  -0.05600,
,,,16.600000000000,  -0.12000,
,,,16.620000000000,  -0.12000,
,,,16.640000000000,  -0.07200,
,,,16.660000000000,  -0.09600,
,,,16.680000000000,  -0.07200,
,,,16.700000000000,  -0.10400,
,,,16.720000000000,  -0.13600,
,,,16.740000000000,  -0.12000,
,,,16.760000000000,  -0.06400,
,,,16.780000000000,  -0.06400,
,,,16.800000000000,  -0.11200,
,,,16.820000000000,   0.19200,
,,,16.840000000000,   0.09600,
,,,16.860000000000,   0.09600,
,,,16.880000000000,   0.10400,
,,,16.900000000000,   0.12800,
,,,16.920000000000,   0.09600,
,,,16.940000000000,   0.10400,
,,,16.960000000000,   0.07200,
,,,16.980000000000,   0.12000,
,,,17.000000000000,   0.08000,
,,,17.020000000000,   0.10400,
,,,17.040000000000,   0.13600,
,,,17.060000000000,   0.16800,
,,,17.080000000000,   0.12000,
,,,17.100000000000,   0.06400,
,,,17.120000000000,   0.04000,
,,,17.140000000000,   0.11200,
,,,17.160000000000,   0.15200,
,,,17.180000000000,   0.23200,
,,,17.200000000000,   0.18400,
,,,17.220000000000,   0.04000,
,,,17.240000000000,   0.05600,
,,,17.260000000000,   0.15200,
,,,17.280000000000,   0.12800,
,,,17.300000000000,   0.07200,
,,,17.320000000000,  -0.12000,
,,,17.340000000000,  -0.13600,
,,,17.360000000000,  -0.08800,
,,,17.380000000000,  -0.08000,
,,,17.400000000000,  -0.10400,
,,,17.420000000000,  -0.11200,
,,,17.440000000000,  -0.08800,
,,,17.460000000000,  -0.03200,
,,,17.480000000000,  -0.12000,
,,,17.500000000000,  -0.12000,
,,,17.520000000000,  -0.10400,
,,,17.540000000000,  -0.00800,
,,,17.560000000000,  -0.04000,
,,,17.580000000000,  -0.07200,
,,,17.600000000000,  -0.17600,
,,,17.620000000000,  -0.07200,
,,,17.640000000000,  -0.08000,
,,,17.660000000000,  -0.05600,
,,,17.680000000000,  -0.06400,
,,,17.700000000000,  -0.09600,
,,,17.720000000000,  -0.12000,
,,,17.740000000000,  -0.09600,
,,,17.760000000000,  -0.07200,
,,,17.780000000000,  -0.08800,
,,,17.800000000000,  -0.08800,
,,,17.820000000000,   0.11200,
,,,17.840000000000,   0.09600,
,,,17.860000000000,   0.03200,
,,,17.880000000000,   0.13600,
,,,17.900000000000,   0.06400,
,,,17.920000000000,   0.00000,
,,,17.940000000000,   0.16000,
,,,17.960000000000,   0.13600,
,,,17.980000000000,   0.18400,
,,,18.000000000000,   0.12800,
,,,18.020000000000,   0.17600,
,,,18.040000000000,   0.18400,
,,,18.060000000000,   0.13600,
,,,18.080000000000,   0.14400,
,,,18.100000000000,   0.09600,
,,,18.120000000000,   0.07200,
,,,18.140000000000,   0.12800,
,,,18.160000000000,   0.13600,
,,,18.180000000000,   0.17600,
,,,18.200000000000,   0.12800,
,,,18.220000000000,   0.07200,
,,,18.240000000000,   0.12000,
,,,18.260000000000,   0.13600,
,,,18.280000000000,   0.15200,
,,,18.300000000000,   0.12000,
,,,18.320000000000,  -0.13600,
,,,18.340000000000,  -0.16800,
,,,18.360000000000,  -0.09600,
,,,18.380000000000,  -0.15200,
,,,18.400000000000,  -0.06400,
,,,18.420000000000,  -0.06400,
,,,18.440000000000,  -0.07200,
,,,18.460000000000,  -0.09600,
,,,18.480000000000,  -0.15200,
,,,18.500000000000,  -0.08000,
,,,18.520000000000,  -0.09600,
,,,18.540000000000,  -0.14400,
,,,18.560000000000,  -0.04000,
,,,18.580000000000,   0.03200,
,,,18.600000000000,  -0.12000,
,,,18.620000000000,  -0.24000,
,,,18.640000000000,  -0.16000,
,,,18.660000000000,  -0.02400,
,,,18.680000000000,  -0.05600,
,,,18.700000000000,  -0.08000,
,,,18.720000000000,  -0.15200,
,,,18.740000000000,  -0.18400,
,,,18.760000000000,  -0.06400,
,,,18.780000000000,   0.04800,
,,,18.800000000000,  -0.06400,
,,,18.820000000000,   0.20000,
,,,18.840000000000,  -0.00800,
,,,18.860000000000,   0.07200,
,,,18.880000000000,   0.08800,
,,,18.900000000000,   0.11200,
,,,18.920000000000,   0.14400,
,,,18.940000000000,   0.20800,
,,,18.960000000000,   0.12000,
,,,18.980000000000,   0.10400,
,,,19.000000000000,   0.10400,
,,,19.020000000000,   0.12000,
,,,19.040000000000,   0.08000,
,,,19.060000000000,   0.17600,
,,,19.080000000000,   0.05600,
,,,19.100000000000,   0.11200,
,,,19.120000000000,  -0.03200,
,,,19.140000000000,   0.04800,
,,,19.160000000000,   0.12800,
,,,19.180000000000,   0.12000,
,,,19.200000000000,   0.11200,
,,,19.220000000000,   0.08000,
,,,19.240000000000,   0.06400,
,,,19.260000000000,   0.12000,
,,,19.280000000000,   0.15200,
,,,19.300000000000,   0.24800,
,,,19.320000000000,  -0.11200,
,,,19.340000000000,  -0.10400,
,,,19.360000000000,  -0.10400,
,,,19.380000000000,  -0.11200,
,,,19.400000000000,  -0.05600,
,,,19.420000000000,  -0.07200,
,,,19.440000000000,  -0.11200,
,,,19.460000000000,  -0.10400,
,,,19.480000000000,  -0.07200,
,,,19.500000000000,  -0.08800,
,,,19.520000000000,  -0.09600,
,,,19.540000000000,  -0.12000,
,,,19.560000000000,  -0.06400,
,,,19.580000000000,  -0.12800,
,,,19.600000000000,  -0.08800,
,,,19.620000000000,  -0.12000,
,,,19.640000000000,  -0.12800,
,,,19.660000000000,  -0.08000,
,,,19.680000000000,  -0.01600,
,,,19.700000000000,  -0.11200,
,,,19.720000000000,  -0.10400,
,,,19.740000000000,  -0.13600,
,,,19.760000000000,  -0.12000,
,,,19.780000000000,  -0.09600,
,,,19.800000000000,  -0.03200,
,,,19.820000000000,   0.08000,
,,,19.840000000000,   0.07200,
,,,19.860000000000,   0.05600,
,,,19.880000000000,   0.12000,
,,,19.900000000000,   0.15200,
,,,19.920000000000,   0.05600,
,,,19.940000000000,   0.07200,
,,,19.960000000000,   0.14400,
,,,19.980000000000,   0.16000,
,,,20.000000000000,   0.12000,
,,,20.020000000000,   0.21600,
,,,20.040000000000,   0.06400,
,,,20.060000000000,   0.10400,
,,,20.080000000000,   0.12000,
,,,20.100000000000,   0.15200,
,,,20.120000000000,   0.06400,
,,,20.140000000000,   0.03200,
,,,20.160000000000,   0.08800,
,,,20.180000000000,   0.14400,
,,,20.200000000000,   0.09600,
,,,20.220000000000,   0.07200,
,,,20.240000000000,   0.03200,
,,,20.260000000000,   0.10400,
,,,20.280000000000,   0.12800,
,,,20.300000000000,   0.08000,
,,,20.320000000000,  -0.16000,
,,,20.340000000000,  -0.18400,
,,,20.360000000000,  -0.20000,
,,,20.380000000000,  -0.10400,
,,,20.400000000000,  -0.12000,
,,,20.420000000000,  -0.19200,
,,,20.440000000000,  -0.16800,
,,,20.460000000000,  -0.12000,
,,,20.480000000000,  -0.04800,
,,,20.500000000000,  -0.04800,
,,,20.520000000000,  -0.03200,
,,,20.540000000000,  -0.16000,
,,,20.560000000000,  -0.13600,
,,,20.580000000000,  -0.08800,
,,,20.600000000000,  -0.05600,
,,,20.620000000000,  -0.07200,
,,,20.640000000000,  -0.07200,
,,,20.660000000000,  -0.12000,
,,,20.680000000000,  -0.07200,
,,,20.700000000000,  -0.05600,
,,,20.720000000000,  -0.15200,
,,,20.740000000000,  -0.16000,
,,,20.760000000000,  -0.12000,
,,,20.780000000000,  -0.08800,
,,,20.800000000000,  -0.06400,
,,,20.820000000000,   0.11200,
,,,20.840000000000,   0.06400,
,,,20.860000000000,   0.07200,
,,,20.880000000000,   0.15200,
,,,20.900000000000,   0.13600,
,,,20.920000000000,   0.10400,
,,,20.940000000000,   0.02400,
,,,20.960000000000,   0.09600,
,,,20.980000000000,   0.10400,
,,,21.000000000000,   0.13600,
,,,21.020000000000,   0.08800,
,,,21.040000000000,   0.08800,
,,,21.060000000000,   0.04800,
,,,21.080000000000,   0.06400,
,,,21.100000000000,   0.13600,
,,,21.120000000000,   0.11200,
,,,21.140000000000,   0.11200,
,,,21.160000000000,   0.08800,
,,,21.180000000000,   0.12800,
,,,21.200000000000,   0.09600,
,,,21.220000000000,   0.09600,
,,,21.240000000000,   0.06400,
,,,21.260000000000,   0.15200,
,,,21.280000000000,   0.16000,
,,,21.300000000000,   0.17600,
,,,21.320000000000,  -0.12000,
,,,21.340000000000,  -0.23200,
,,,21.360000000000,  -0.08800,
,,,21.380000000000,  -0.02400,
,,,21.400000000000,  -0.07200,
,,,21.420000000000,  -0.07200,
,,,21.440000000000,  -0.12000,
,,,21.460000000000,  -0.10400,
,,,21.480000000000,  -0.14400,
,,,21.500000000000,  -0.07200,
,,,21.520000000000,  -0.04000,
,,,21.540000000000,  -0.07200,
,,,21.560000000000,  -0.10400,
,,,21.580000000000,  -0.06400,
,,,21.600000000000,  -0.07200,
,,,21.620000000000,  -0.11200,
,,,21.640000000000,  -0.16000,
,,,21.660000000000,  -0.06400,
,,,21.680000000000,  -0.12000,
,,,21.700000000000,  -0.02400,
,,,21.720000000000,  -0.09600,
,,,21.740000000000,  -0.13600,
,,,21.760000000000,  -0.11200,
,,,21.780000000000,  -0.12000,
,,,21.800000000000,   0.12000,
,,,21.820000000000,   0.12800,
,,,21.840000000000,   0.04000,
,,,21.860000000000,   0.11200,
,,,21.880000000000,   0.16000,
,,,21.900000000000,   0.12800,
,,,21.920000000000,   0.13600,
,,,21.940000000000,   0.08800,
,,,21.960000000000,   0.08000,
,,,21.980000000000,   0.13600,
,,,22.000000000000,   0.16000,
,,,22.020000000000,   0.12800,
,,,22.040000000000,   0.11200,
,,,22.060000000000,   0.04000,
,,,22.080000000000,   0.12800,
,,,22.100000000000,   0.05600,
,,,22.120000000000,   0.10400,
,,,22.140000000000,   0.08000,
,,,22.160000000000,   0.08000,
,,,22.180000000000,   0.06400,
,,,22.200000000000,   0.11200,
,,,22.220000000000,   0.11200,
,,,22.240000000000,   0.08800,
,,,22.260000000000,   0.08000,
,,,22.280000000000,   0.08000,
,,,22.300000000000,  -0.06400,
,,,22.320000000000,  -0.12800,
,,,22.340000000000,  -0.11200,
,,,22.360000000000,  -0.11200,
,,,22.380000000000,  -0.11200,
,,,22.400000000000,  -0.07200,
,,,22.420000000000,  -0.02400,
,,,22.440000000000,  -0.06400,
,,,22.460000000000,  -0.11200,
,,,22.480000000000,  -0.10400,
,,,22.500000000000,  -0.09600,
,,,22.520000000000,  -0.08800,
,,,22.540000000000,  -0.12800,
,,,22.560000000000,  -0.15200,
,,,22.580000000000,  -0.10400,
,,,22.600000000000,  -0.13600,
,,,22.620000000000,  -0.06400,
,,,22.640000000000,  -0.08800,
,,,22.660000000000,  -0.13600,
,,,22.680000000000,  -0.05600,
,,,22.700000000000,  -0.13600,
,,,22.720000000000,  -0.08800,
,,,22.740000000000,  -0.14400,
,,,22.760000000000,  -0.17600,
,,,22.780000000000,  -0.10400,
,,,22.800000000000,   0.19200,
,,,22.820000000000,   0.14400,
,,,22.840000000000,   0.09600,
,,,22.860000000000,  -0.08000,
,,,22.880000000000,   0.12000,
,,,22.900000000000,   0.11200,
,,,22.920000000000,   0.12000,
,,,22.940000000000,   0.08800,
,,,22.960000000000,   0.11200,
,,,22.980000000000,   0.13600,
,,,23.000000000000,   0.13600,
,,,23.020000000000,   0.08000,
,,,23.040000000000,   0.14400,
,,,23.060000000000,   0.06400,
,,,23.080000000000,   0.13600,
,,,23.100000000000,   0.11200,
,,,23.120000000000,   0.10400,
,,,23.140000000000,   0.08000,
,,,23.160000000000,   0.14400,
,,,23.180000000000,   0.08800,
,,,23.200000000000,   0.13600,
,,,23.220000000000,   0.07200,
,,,23.240000000000,   0.04800,
,,,23.260000000000,   0.02400,
,,,23.280000000000,   0.12800,
,,,23.300000000000,  -0.04000,
,,,23.320000000000,  -0.05600,
,,,23.340000000000,  -0.12000,
,,,23.360000000000,  -0.20800,
,,,23.380000000000,  -0.10400,
,,,23.400000000000,  -0.04000,
,,,23.420000000000,   0.07200,
,,,23.440000000000,  -0.13600,
,,,23.460000000000,  -0.20000,
,,,23.480000000000,  -0.11200,
,,,23.500000000000,  -0.08800,
,,,23.520000000000,  -0.01600,
,,,23.540000000000,  -0.12000,
,,,23.560000000000,  -0.04800,
,,,23.580000000000,  -0.11200,
,,,23.600000000000,  -0.15200,
,,,23.620000000000,  -0.23200,
,,,23.640000000000,  -0.09600,
,,,23.660000000000,  -0.15200,
,,,23.680000000000,  -0.11200,
,,,23.700000000000,  -0.15200,
,,,23.720000000000,  -0.11200,
,,,23.740000000000,  -0.12000,
,,,23.760000000000,  -0.13600,
,,,23.780000000000,  -0.06400,
,,,23.800000000000,   0.17600,
,,,23.820000000000,   0.14400,
,,,23.840000000000,   0.09600,
,,,23.860000000000,   0.07200,
,,,23.880000000000,   0.06400,
,,,23.900000000000,   0.15200,
,,,23.920000000000,   0.26400,
,,,23.940000000000,   0.12000,
,,,23.960000000000,   0.07200,
,,,23.980000000000,   0.06400,
,,,24.000000000000,   0.04000,
,,,24.020000000000,   0.11200,
,,,24.040000000000,   0.12000,
,,,24.060000000000,   0.16000,
,,,24.080000000000,   0.05600,
,,,24.100000000000,   0.11200,
,,,24.120000000000,   0.08800,
,,,24.140000000000,   0.12800,
,,,24.160000000000,   0.02400,
,,,24.180000000000,   0.10400,
,,,24.200000000000,   0.10400,
,,,24.220000000000,   0.06400,
,,,24.240000000000,   0.08800,
,,,24.260000000000,   0.11200,
,,,24.280000000000,  -0.03200,
,,,24.300000000000,  -0.18400,
,,,24.320000000000,  -0.20800,
,,,24.340000000000,  -0.12000,
,,,24.360000000000,  -0.16000,
,,,24.380000000000,  -0.16000,
,,,24.400000000000,  -0.08000,
,,,24.420000000000,  -0.14400,
,,,24.440000000000,  -0.06400,
,,,24.460000000000,  -0.19200,
,,,24.480000000000,  -0.08800,
,,,24.500000000000,  -0.12800,
,,,24.520000000000,  -0.10400,
,,,24.540000000000,  -0.15200,
,,,24.560000000000,  -0.06400,
,,,24.580000000000,  -0.10400,
,,,24.600000000000,  -0.08000,
,,,24.620000000000,  -0.04000,
,,,24.640000000000,  -0.09600,
,,,24.660000000000,  -0.05600,
,,,24.680000000000,  -0.13600,
,,,24.700000000000,  -0.08800,
,,,24.720000000000,   0.01600,
,,,24.740000000000,  -0.10400,
,,,24.760000000000,  -0.16000,
,,,24.780000000000,  -0.10400,
,,,24.800000000000,   0.11200,
,,,24.820000000000,   0.12800,
,,,24.840000000000,   0.10400,
,,,24.860000000000,   0.08000,
,,,24.880000000000,   0.08800,
,,,24.900000000000,   0.11200,
,,,24.920000000000,   0.15200,
,,,24.940000000000,   0.10400,
,,,24.960000000000,   0.09600,
,,,24.980000000000,   0.09600,
,,,25.000000000000,   0.12800,
,,,25.020000000000,   0.20000,
,,,25.040000000000,   0.08000,
,,,25.060000000000,   0.08800,
,,,25.080000000000,   0.16000,
,,,25.100000000000,   0.14400,
,,,25.120000000000,   0.26400,
,,,25.140000000000,   0.08800,
,,,25.160000000000,   0.14400,
,,,25.180000000000,   0.08000,
,,,25.200000000000,   0.13600,
,,,25.220000000000,   0.20800,
,,,25.240000000000,   0.09600,
,,,25.260000000000,   0.20800,
,,,25.280000000000,   0.09600,
,,,25.300000000000,  -0.05600,
,,,25.320000000000,  -0.01600,
,,,25.340000000000,  -0.11200,
,,,25.360000000000,  -0.11200,
,,,25.380000000000,  -0.04800,
,,,25.400000000000,  -0.08000,
,,,25.420000000000,  -0.03200,
,,,25.440000000000,  -0.05600,
,,,25.460000000000,  -0.04800,
,,,25.480000000000,  -0.11200,
,,,25.500000000000,  -0.05600,
,,,25.520000000000,  -0.01600,
,,,25.540000000000,  -0.08800,
,,,25.560000000000,  -0.30400,
,,,25.580000000000,  -0.16800,
,,,25.600000000000,  -0.12000,
,,,25.620000000000,  -0.08800,
,,,25.640000000000,  -0.13600,
,,,25.660000000000,  -0.20800,
,,,25.680000000000,  -0.17600,
,,,25.700000000000,  -0.04800,
,,,25.720000000000,  -0.16000,
,,,25.740000000000,  -0.10400,
,,,25.760000000000,  -0.20000,
,,,25.780000000000,  -0.13600,
,,,25.800000000000,   0.15200,
,,,25.820000000000,   0.05600,
,,,25.840000000000,   0.07200,
,,,25.860000000000,   0.08000,
,,,25.880000000000,   0.04000,
,,,25.900000000000,   0.08800,
,,,25.920000000000,   0.12800,
,,,25.940000000000,   0.11200,
,,,25.960000000000,   0.02400,
,,,25.980000000000,   0.07200,
,,,26.000000000000,   0.13600,
,,,26.020000000000,   0.18400,
,,,26.040000000000,   0.14400,
,,,26.060000000000,   0.07200,
,,,26.080000000000,   0.08000,
,,,26.100000000000,   0.10400,
,,,26.120000000000,   0.12000,
,,,26.140000000000,   0.17600,
,,,26.160000000000,   0.05600,
,,,26.180000000000,   0.10400,
,,,26.200000000000,   0.12000,
,,,26.220000000000,   0.18400,
,,,26.240000000000,   0.12800,
,,,26.260000000000,   0.10400,
,,,26.280000000000,   0.12800,
,,,26.300000000000,  -0.12800,
,,,26.320000000000,  -0.08800,
,,,26.340000000000,  -0.05600,
,,,26.360000000000,  -0.09600,
,,,26.380000000000,  -0.12000,
,,,26.400000000000,  -0.13600,
,,,26.420000000000,  -0.06400,
,,,26.440000000000,  -0.09600,
,,,26.460000000000,  -0.06400,
,,,26.480000000000,  -0.10400,
,,,26.500000000000,  -0.08800,
,,,26.520000000000,  -0.03200,
,,,26.540000000000,  -0.05600,
,,,26.560000000000,  -0.08800,
,,,26.580000000000,  -0.12000,
,,,26.600000000000,  -0.08800,
,,,26.620000000000,  -0.00800,
,,,26.640000000000,  -0.06400,
,,,26.660000000000,  -0.11200,
,,,26.680000000000,  -0.10400,
,,,26.700000000000,  -0.09600,
,,,26.720000000000,  -0.03200,
,,,26.740000000000,  -0.09600,
,,,26.760000000000,  -0.08800,
,,,26.780000000000,   0.11200,
,,,26.800000000000,   0.15200,
,,,26.820000000000,   0.09600,
,,,26.840000000000,   0.09600,
,,,26.860000000000,   0.10400,
,,,26.880000000000,   0.11200,
,,,26.900000000000,   0.10400,
,,,26.920000000000,   0.16000,
,,,26.940000000000,   0.09600,
,,,26.960000000000,   0.07200,
,,,26.980000000000,   0.12000,
,,,27.000000000000,   0.08000,
,,,27.020000000000,   0.09600,
,,,27.040000000000,   0.05600,
,,,27.060000000000,   0.04800,
,,,27.080000000000,   0.07200,
,,,27.100000000000,   0.12000,
,,,27.120000000000,   0.15200,
,,,27.140000000000,   0.04800,
,,,27.160000000000,   0.09600,
,,,27.180000000000,   0.05600,
,,,27.200000000000,   0.11200,
,,,27.220000000000,   0.07200,
,,,27.240000000000,   0.12000,
,,,27.260000000000,   0.11200,
,,,27.280000000000,  -0.23200,
,,,27.300000000000,  -0.14400,
,,,27.320000000000,  -0.12000,
,,,27.340000000000,  -0.10400,
,,,27.360000000000,  -0.16800,
,,,27.380000000000,  -0.12000,
,,,27.400000000000,  -0.09600,
,,,27.420000000000,  -0.08800,
,,,27.440000000000,  -0.13600,
,,,27.460000000000,  -0.10400,
,,,27.480000000000,  -0.12000,
,,,27.500000000000,  -0.10400,
,,,27.520000000000,  -0.12800,
,,,27.540000000000,  -0.08000,
,,,27.560000000000,  -0.08800,
,,,27.580000000000,  -0.17600,
,,,27.600000000000,  -0.09600,
,,,27.620000000000,  -0.08000,
,,,27.640000000000,  -0.03200,
,,,27.660000000000,  -0.11200,
,,,27.680000000000,  -0.16000,
,,,27.700000000000,  -0.11200,
,,,27.720000000000,  -0.12800,
,,,27.740000000000,  -0.00800,
,,,27.760000000000,  -0.11200,
,,,27.780000000000,   0.08000,
,,,27.800000000000,   0.00800,
,,,27.820000000000,   0.07200,
,,,27.840000000000,   0.14400,
,,,27.860000000000,   0.09600,
,,,27.880000000000,   0.13600,
,,,27.900000000000,   0.11200,
,,,27.920000000000,   0.13600,
,,,27.940000000000,   0.16000,
,,,27.960000000000,   0.09600,
,,,27.980000000000,   0.09600,
,,,28.000000000000,   0.07200,
,,,28.020000000000,   0.11200,
,,,28.040000000000,   0.15200,
,,,28.060000000000,   0.06400,
,,,28.080000000000,   0.10400,
,,,28.100000000000,   0.12000,
,,,28.120000000000,   0.10400,
,,,28.140000000000,   0.15200,
,,,28.160000000000,   0.11200,
,,,28.180000000000,   0.11200,
,,,28.200000000000,   0.09600,
,,,28.220000000000,   0.20000,
,,,28.240000000000,   0.20000,
,,,28.260000000000,   0.06400,
,,,28.280000000000,  -0.14400,
,,,28.300000000000,  -0.17600,
,,,28.320000000000,  -0.07200,
,,,28.340000000000,  -0.06400,
,,,28.360000000000,  -0.11200,
,,,28.380000000000,  -0.10400,
,,,28.400000000000,  -0.01600,
,,,28.420000000000,  -0.06400,
,,,28.440000000000,  -0.02400,
,,,28.460000000000,  -0.12000,
,,,28.480000000000,  -0.07200,
,,,28.500000000000,  -0.07200,
,,,28.520000000000,  -0.05600,
,,,28.540000000000,  -0.02400,
,,,28.560000000000,  -0.13600,
,,,28.580000000000,  -0.09600,
,,,28.600000000000,  -0.12000,
,,,28.620000000000,  -0.09600,
,,,28.640000000000,  -0.14400,
,,,28.660000000000,  -0.11200,
,,,28.680000000000,  -0.08800,
,,,28.700000000000,  -0.06400,
,,,28.720000000000,  -0.03200,
,,,28.740000000000,  -0.05600,
,,,28.760000000000,  -0.10400,
,,,28.780000000000,   0.06400,
,,,28.800000000000,   0.08800,
,,,28.820000000000,   0.12800,
,,,28.840000000000,   0.12800,
,,,28.860000000000,   0.11200,
,,,28.880000000000,   0.08000,
,,,28.900000000000,   0.07200,
,,,28.920000000000,   0.13600,
,,,28.940000000000,   0.08800,
,,,28.960000000000,   0.09600,
,,,28.980000000000,   0.02400,
,,,29.000000000000,   0.07200,
,,,29.020000000000,   0.06400,
,,,29.040000000000,   0.07200,
,,,29.060000000000,   0.07200,
,,,29.080000000000,   0.05600,
,,,29.100000000000,   0.10400,
,,,29.120000000000,   0.06400,
,,,29.140000000000,   0.03200,
,,,29.160000000000,   0.08800,
,,,29.180000000000,   0.07200,
,,,29.200000000000,   0.10400,
,,,29.220000000000,   0.21600,
,,,29.240000000000,   0.11200,
,,,29.260000000000,   0.08800,
,,,29.280000000000,  -0.20800,
,,,29.300000000000,  -0.06400,
,,,29.320000000000,  -0.08800,
,,,29.340000000000,  -0.07200,
,,,29.360000000000,  -0.10400,
,,,29.380000000000,  -0.13600,
,,,29.400000000000,  -0.10400,
,,,29.420000000000,  -0.08800,
,,,29.440000000000,   0.00000,
,,,29.460000000000,  -0.12000,
,,,29.480000000000,  -0.09600,
,,,29.500000000000,  -0.10400,
,,,29.520000000000,  -0.03200,
,,,29.540000000000,  -0.01600,
,,,29.560000000000,  -0.11200,
,,,29.580000000000,  -0.04800,
,,,29.600000000000,  -0.08000,
,,,29.620000000000,  -0.05600,
,,,29.640000000000,  -0.10400,
,,,29.660000000000,  -0.17600,
,,,29.680000000000,  -0.12000,
,,,29.700000000000,  -0.09600,
,,,29.720000000000,  -0.07200,
,,,29.740000000000,  -0.08800,
,,,29.760000000000,  -0.04800,
,,,29.780000000000,   0.00800,
,,,29.800000000000,   0.08000,
,,,29.820000000000,   0.15200,
,,,29.840000000000,   0.14400,
,,,29.860000000000,   0.18400,
,,,29.880000000000,   0.16800,
,,,29.900000000000,   0.09600,
,,,29.920000000000,   0.12000,
,,,29.940000000000,   0.17600,
,,,29.960000000000,   0.07200,
,,,29.980000000000,   0.14400,
,,,30.000000000000,   0.25600,
,,,30.020000000000,   0.10400,
,,,30.040000000000,   0.16800,
,,,30.060000000000,   0.04000,
,,,30.080000000000,   0.07200,
,,,30.100000000000,   0.03200,
,,,30.120000000000,   0.14400,
,,,30.140000000000,   0.12800,
,,,30.160000000000,   0.07200,
,,,30.180000000000,   0.05600,
,,,30.200000000000,   0.06400,
,,,30.220000000000,   0.10400,
,,,30.240000000000,   0.12800,
,,,30.260000000000,   0.09600,
,,,30.280000000000,  -0.14400,
,,,30.300000000000,  -0.09600,
,,,30.320000000000,  -0.12000,
,,,30.340000000000,  -0.12800,
,,,30.360000000000,  -0.12800,
,,,30.380000000000,  -0.13600,
,,,30.400000000000,  -0.10400,
,,,30.420000000000,  -0.09600,
,,,30.440000000000,  -0.14400,
,,,30.460000000000,  -0.06400,
,,,30.480000000000,  -0.14400,
,,,30.500000000000,  -0.04000,
,,,30.520000000000,  -0.10400,
,,,30.540000000000,  -0.00800,
,,,30.560000000000,  -0.08800,
,,,30.580000000000,  -0.12800,
,,,30.600000000000,  -0.10400,
,,,30.620000000000,  -0.12000,
,,,30.640000000000,  -0.06400,
,,,30.660000000000,  -0.10400,
,,,30.680000000000,  -0.10400,
,,,30.700000000000,  -0.14400,
,,,30.720000000000,   0.00000,
,,,30.740000000000,  -0.06400,
,,,30.760000000000,  -0.04800,
,,,30.780000000000,   0.12000,
,,,30.800000000000,   0.06400,
,,,30.820000000000,   0.17600,
,,,30.840000000000,   0.12800,
,,,30.860000000000,   0.12800,
,,,30.880000000000,   0.10400,
,,,30.900000000000,   0.07200,
,,,30.920000000000,   0.23200,
,,,30.940000000000,   0.16800,
,,,30.960000000000,   0.12800,
,,,30.980000000000,   0.14400,
,,,31.000000000000,   0.06400,
,,,31.020000000000,   0.09600,
,,,31.040000000000,   0.13600,
,,,31.060000000000,   0.08800,
,,,31.080000000000,   0.06400,
,,,31.100000000000,   0.05600,
,,,31.120000000000,   0.14400,
,,,31.140000000000,   0.10400,
,,,31.160000000000,   0.16000,
,,,31.180000000000,   0.06400,
,,,31.200000000000,   0.13600,
,,,31.220000000000,   0.18400,
,,,31.240000000000,   0.12800,
,,,31.260000000000,   0.10400,
,,,31.280000000000,  -0.13600,
,,,31.300000000000,  -0.16000,
,,,31.320000000000,  -0.07200,
,,,31.340000000000,  -0.04000,
,,,31.360000000000,  -0.08800,
,,,31.380000000000,  -0.13600,
,,,31.400000000000,  -0.04000,
,,,31.420000000000,  -0.08000,
,,,31.440000000000,  -0.04800,
,,,31.460000000000,  -0.10400,
,,,31.480000000000,  -0.08800,
,,,31.500000000000,  -0.11200,
,,,31.520000000000,  -0.11200,
,,,31.540000000000,  -0.16000,
,,,31.560000000000,  -0.07200,
,,,31.580000000000,  -0.14400,
,,,31.600000000000,  -0.10400,
,,,31.620000000000,  -0.06400,
,,,31.640000000000,  -0.10400,
,,,31.660000000000,  -0.10400,
,,,31.680000000000,  -0.12000,
,,,31.700000000000,  -0.13600,
,,,31.720000000000,  -0.04800,
,,,31.740000000000,  -0.04800,
,,,31.760000000000,  -0.09600,
,,,31.780000000000,   0.11200,
,,,31.800000000000,   0.07200,
,,,31.820000000000,   0.14400,
,,,31.840000000000,   0.12800,
,,,31.860000000000,   0.11200,
,,,31.880000000000,   0.08000,
,,,31.900000000000,   0.08000,
,,,31.920000000000,   0.08000,
,,,31.940000000000,   0.12000,
,,,31.960000000000,   0.09600,
,,,31.980000000000,   0.06400,
,,,32.000000000000,   0.08800,
,,,32.020000000000,   0.12800,
,,,32.040000000000,   0.11200,
,,,32.060000000000,   0.09600,
,,,32.080000000000,   0.04800,
,,,32.100000000000,   0.06400,
,,,32.120000000000,   0.12000,
,,,32.140000000000,   0.12800,
,,,32.160000000000,   0.03200,
,,,32.180000000000,   0.09600,
,,,32.200000000000,   0.11200,
,,,32.220000000000,   0.15200,
,,,32.240000000000,   0.09600,
,,,32.260000000000,  -0.12000,
,,,32.280000000000,  -0.12800,
,,,32.300000000000,  -0.10400,
,,,32.320000000000,  -0.07200,
,,,32.340000000000,  -0.09600,
,,,32.360000000000,  -0.07200,
,,,32.380000000000,  -0.11200,
,,,32.400000000000,  -0.10400,
,,,32.420000000000,  -0.08000,
,,,32.440000000000,  -0.09600,
,,,32.460000000000,   0.02400,
,,,32.480000000000,  -0.12000,
,,,32.500000000000,  -0.11200,
,,,32.520000000000,  -0.07200,
,,,32.540000000000,  -0.08800,
,,,32.560000000000,  -0.06400,
,,,32.580000000000,  -0.20800,
,,,32.600000000000,  -0.11200,
,,,32.620000000000,  -0.01600,
,,,32.640000000000,  -0.04800,
,,,32.660000000000,  -0.16800,
,,,32.680000000000,  -0.06400,
,,,32.700000000000,  -0.11200,
,,,32.720000000000,  -0.08000,
,,,32.740000000000,  -0.14400,
,,,32.760000000000,   0.13600,
,,,32.780000000000,   0.07200,
,,,32.800000000000,   0.11200,
,,,32.820000000000,   0.12000,
,,,32.840000000000,   0.13600,
,,,32.860000000000,   0.02400,
,,,32.880000000000,   0.06400,
,,,32.900000000000,   0.11200,
,,,32.920000000000,   0.15200,
,,,32.940000000000,   0.12000,
,,,32.960000000000,   0.13600,
,,,32.980000000000,   0.11200,
,,,33.000000000000,   0.06400,
,,,33.020000000000,   0.13600,
,,,33.040000000000,   0.09600,
,,,33.060000000000,   0.11200,
,,,33.080000000000,   0.07200,
,,,33.100000000000,   0.12800,
,,,33.120000000000,   0.12000,
,,,33.140000000000,   0.14400,
,,,33.160000000000,   0.11200,
,,,33.180000000000,   0.09600,
,,,33.200000000000,   0.09600,
,,,33.220000000000,   0.08800,
,,,33.240000000000,   0.11200,
,,,33.260000000000,  -0.11200,
,,,33.280000000000,  -0.24800,
,,,33.300000000000,  -0.15200,
,,,33.320000000000,  -0.11200,
,,,33.340000000000,  -0.14400,
,,,33.360000000000,  -0.01600,
,,,33.380000000000,  -0.12000,
,,,33.400000000000,  -0.10400,
,,,33.420000000000,  -0.08000,
,,,33.440000000000,  -0.12800,
,,,33.460000000000,  -0.09600,
,,,33.480000000000,  -0.08800,
,,,33.500000000000,  -0.12000,
,,,33.520000000000,  -0.06400,
,,,33.540000000000,  -0.09600,
,,,33.560000000000,  -0.04800,
,,,33.580000000000,  -0.12000,
,,,33.600000000000,  -0.09600,
,,,33.620000000000,  -0.06400,
,,,33.640000000000,  -0.03200,
,,,33.660000000000,  -0.10400,
,,,33.680000000000,  -0.10400,
,,,33.700000000000,  -0.12800,
,,,33.720000000000,  -0.07200,
,,,33.740000000000,   0.00800,
,,,33.760000000000,   0.20800,
,,,33.780000000000,   0.06400,
,,,33.800000000000,   0.05600,
,,,33.820000000000,   0.12800,
,,,33.840000000000,   0.18400,
,,,33.860000000000,   0.08800,
,,,33.880000000000,   0.04800,
,,,33.900000000000,   0.00000,
,,,33.920000000000,   0.10400,
,,,33.940000000000,   0.24000,
,,,33.960000000000,   0.09600,
,,,33.980000000000,   0.11200,
,,,34.000000000000,   0.14400,
,,,34.020000000000,   0.14400,
,,,34.040000000000,   0.08000,
,,,34.060000000000,   0.14400,
,,,34.080000000000,   0.16000,
,,,34.100000000000,   0.01600,
,,,34.120000000000,   0.08800,
,,,34.140000000000,   0.13600,
,,,34.160000000000,   0.04800,
,,,34.180000000000,   0.09600,
,,,34.200000000000,   0.09600,
,,,34.220000000000,   0.11200,
,,,34.240000000000,   0.07200,
,,,34.260000000000,  -0.19200,
,,,34.280000000000,  -0.16000,
,,,34.300000000000,  -0.13600,
,,,34.320000000000,  -0.08800,
,,,34.340000000000,  -0.12000,
,,,34.360000000000,  -0.12000,
,,,34.380000000000,  -0.16000,
,,,34.400000000000,  -0.12800,
,,,34.420000000000,  -0.09600,
,,,34.440000000000,  -0.02400,
,,,34.460000000000,  -0.04800,
,,,34.480000000000,  -0.12800,
,,,34.500000000000,  -0.11200,
,,,34.520000000000,  -0.08800,
,,,34.540000000000,  -0.04000,
,,,34.560000000000,  -0.09600,
,,,34.580000000000,  -0.04000,
,,,34.600000000000,  -0.05600,
,,,34.620000000000,  -0.10400,
,,,34.640000000000,  -0.08000,
,,,34.660000000000,  -0.22400,
,,,34.680000000000,  -0.14400,
,,,34.700000000000,  -0.09600,
,,,34.720000000000,  -0.06400,
,,,34.740000000000,  -0.09600,
,,,34.760000000000,   0.11200,
,,,34.780000000000,   0.11200,
,,,34.800000000000,   0.09600,
,,,34.820000000000,   0.13600,
,,,34.840000000000,   0.11200,
,,,34.860000000000,   0.09600,
,,,34.880000000000,   0.08800,
,,,34.900000000000,   0.04000,
,,,34.920000000000,   0.13600,
,,,34.940000000000,   0.18400,
,,,34.960000000000,   0.14400,
,,,34.980000000000,   0.09600,
,,,35.000000000000,   0.09600,
,,,35.020000000000,   0.05600,
,,,35.040000000000,   0.11200,
,,,35.060000000000,   0.14400,
,,,35.080000000000,   0.04800,
,,,35.100000000000,   0.08800,
,,,35.120000000000,   0.14400,
,,,35.140000000000,   0.14400,
,,,35.160000000000,   0.12800,
,,,35.180000000000,   0.11200,
,,,35.200000000000,   0.19200,
,,,35.220000000000,   0.10400,
,,,35.240000000000,   0.13600,
,,,35.260000000000,  -0.17600,
,,,35.280000000000,  -0.15200,
,,,35.300000000000,  -0.12800,
,,,35.320000000000,  -0.09600,
,,,35.340000000000,  -0.08000,
,,,35.360000000000,  -0.08800,
,,,35.380000000000,  -0.08000,
,,,35.400000000000,  -0.12000,
,,,35.420000000000,  -0.01600,
,,,35.440000000000,  -0.04800,
,,,35.460000000000,  -0.12800,
,,,35.480000000000,  -0.11200,
,,,35.500000000000,  -0.10400,
,,,35.520000000000,  -0.12000,
,,,35.540000000000,  -0.07200,
,,,35.560000000000,  -0.09600,
,,,35.580000000000,  -0.13600,
,,,35.600000000000,  -0.17600,
,,,35.620000000000,  -0.11200,
,,,35.640000000000,  -0.06400,
,,,35.660000000000,  -0.12000,
,,,35.680000000000,  -0.09600,
,,,35.700000000000,  -0.05600,
,,,35.720000000000,  -0.08800,
,,,35.740000000000,  -0.04800,
,,,35.760000000000,   0.13600,
,,,35.780000000000,   0.16800,
,,,35.800000000000,   0.12800,
,,,35.820000000000,   0.12800,
,,,35.840000000000,   0.12000,
,,,35.860000000000,   0.11200,
,,,35.880000000000,   0.11200,
,,,35.900000000000,   0.00800,
,,,35.920000000000,   0.11200,
,,,35.940000000000,   0.14400,
,,,35.960000000000,   0.07200,
,,,35.980000000000,   0.08000,
,,,36.000000000000,   0.08000,
,,,36.020000000000,   0.09600,
,,,36.040000000000,   0.07200,
,,,36.060000000000,   0.12000,
,,,36.080000000000,   0.08000,
,,,36.100000000000,   0.01600,
,,,36.120000000000,   0.10400,
,,,36.140000000000,   0.12000,
,,,36.160000000000,   0.09600,
,,,36.180000000000,   0.12800,
,,,36.200000000000,   0.09600,
,,,36.220000000000,   0.09600,
,,,36.240000000000,   0.27200,
,,,36.260000000000,  -0.06400,
,,,36.280000000000,  -0.15200,
,,,36.300000000000,  -0.16000,
,,,36.320000000000,  -0.04800,
,,,36.340000000000,  -0.07200,
,,,36.360000000000,  -0.12800,
,,,36.380000000000,  -0.11200,
,,,36.400000000000,  -0.20000,
,,,36.420000000000,  -0.10400,
,,,36.440000000000,  -0.05600,
,,,36.460000000000,  -0.10400,
,,,36.480000000000,  -0.04800,
,,,36.500000000000,  -0.16000,
,,,36.520000000000,  -0.13600,
,,,36.540000000000,  -0.07200,
,,,36.560000000000,  -0.08800,
,,,36.580000000000,  -0.13600,
,,,36.600000000000,  -0.07200,
,,,36.620000000000,   0.04800,
,,,36.640000000000,  -0.06400,
,,,36.660000000000,  -0.11200,
,,,36.680000000000,  -0.14400,
,,,36.700000000000,  -0.14400,
,,,36.720000000000,  -0.13600,
,,,36.740000000000,  -0.15200,
,,,36.760000000000,   0.16000,
,,,36.780000000000,   0.14400,
,,,36.800000000000,   0.09600,
,,,36.820000000000,   0.12800,
,,,36.840000000000,   0.06400,
,,,36.860000000000,   0.09600,
,,,36.880000000000,   0.10400,
,,,36.900000000000,   0.05600,
,,,36.920000000000,   0.06400,
,,,36.940000000000,   0.04000,
,,,36.960000000000,   0.04000,
,,,36.980000000000,   0.14400,
,,,37.000000000000,   0.06400,
,,,37.020000000000,   0.10400,
,,,37.040000000000,   0.03200,
,,,37.060000000000,   0.11200,
,,,37.080000000000,   0.11200,
,,,37.100000000000,   0.04000,
,,,37.120000000000,   0.08800,
,,,37.140000000000,   0.08000,
,,,37.160000000000,   0.04800,
,,,37.180000000000,   0.08000,
,,,37.200000000000,   0.05600,
,,,37.220000000000,   0.11200,
,,,37.240000000000,  -0.08800,
,,,37.260000000000,  -0.10400,
,,,37.280000000000,  -0.10400,
,,,37.300000000000,  -0.16800,
,,,37.320000000000,  -0.13600,
,,,37.340000000000,  -0.12000,
,,,37.360000000000,  -0.08000,
,,,37.380000000000,  -0.08000,
,,,37.400000000000,  -0.17600,
,,,37.420000000000,  -0.10400,
,,,37.440000000000,  -0.00800,
,,,37.460000000000,  -0.04000,
,,,37.480000000000,  -0.08000,
,,,37.500000000000,  -0.05600,
,,,37.520000000000,  -0.11200,
,,,37.540000000000,   0.00000,
,,,37.560000000000,  -0.09600,
,,,37.580000000000,  -0.05600,
,,,37.600000000000,  -0.07200,
,,,37.620000000000,  -0.14400,
,,,37.640000000000,  -0.12000,
,,,37.660000000000,  -0.03200,
,,,37.680000000000,  -0.15200,
,,,37.700000000000,   0.00800,
,,,37.720000000000,  -0.13600,
,,,37.740000000000,   0.16000,
,,,37.760000000000,   0.20000,
,,,37.780000000000,   0.11200,
,,,37.800000000000,   0.07200,
,,,37.820000000000,   0.08800,
,,,37.840000000000,   0.14400,
,,,37.860000000000,   0.14400,
,,,37.880000000000,   0.13600,
,,,37.900000000000,   0.03200,
,,,37.920000000000,   0.08800,
,,,37.940000000000,   0.12000,
,,,37.960000000000,   0.14400,
,,,37.980000000000,   0.09600,
,,,38.000000000000,   0.08800,
,,,38.020000000000,   0.08800,
,,,38.040000000000,   0.12800,
,,,38.060000000000,   0.13600,
,,,38.080000000000,   0.11200,
,,,38.100000000000,   0.04000,
,,,38.120000000000,   0.08800,
,,,38.140000000000,   0.12000,
,,,38.160000000000,   0.08000,
,,,38.180000000000,   0.08800,
,,,38.200000000000,   0.06400,
,,,38.220000000000,   0.12000,
,,,38.240000000000,  -0.12000,
,,,38.260000000000,  -0.22400,
,,,38.280000000000,  -0.15200,
,,,38.300000000000,  -0.16000,
,,,38.320000000000,  -0.12000,
,,,38.340000000000,  -0.08800,
,,,38.360000000000,  -0.11200,
,,,38.380000000000,  -0.08800,
,,,38.400000000000,  -0.09600,
,,,38.420000000000,  -0.12000,
,,,38.440000000000,  -0.07200,
,,,38.460000000000,  -0.10400,
,,,38.480000000000,  -0.10400,
,,,38.500000000000,  -0.14400,
,,,38.520000000000,  -0.14400,
,,,38.540000000000,  -0.08800,
,,,38.560000000000,  -0.12000,
,,,38.580000000000,  -0.10400,
,,,38.600000000000,  -0.16000,
,,,38.620000000000,  -0.11200,
,,,38.640000000000,  -0.07200,
,,,38.660000000000,  -0.02400,
,,,38.680000000000,  -0.12000,
,,,38.700000000000,  -0.12800,
,,,38.720000000000,  -0.15200,
,,,38.740000000000,   0.17600,
,,,38.760000000000,   0.16800,
,,,38.780000000000,   0.13600,
,,,38.800000000000,   0.09600,
,,,38.820000000000,   0.17600,
,,,38.840000000000,   0.15200,
,,,38.860000000000,   0.12800,
,,,38.880000000000,   0.10400,
,,,38.900000000000,   0.08800,
,,,38.920000000000,   0.03200,
,,,38.940000000000,   0.12800,
,,,38.960000000000,   0.13600,
,,,38.980000000000,   0.10400,
,,,39.000000000000,   0.14400,
,,,39.020000000000,   0.12800,
,,,39.040000000000,   0.08800,
,,,39.060000000000,   0.18400,
,,,39.080000000000,   0.11200,
,,,39.100000000000,   0.06400,
,,,39.120000000000,   0.08800,
,,,39.140000000000,   0.16000,
,,,39.160000000000,   0.14400,
,,,39.180000000000,   0.08800,
,,,39.200000000000,   0.04800,
,,,39.220000000000,   0.08000,
,,,39.240000000000,  -0.12000,
,,,39.260000000000,  -0.12000,
,,,39.280000000000,  -0.12800,
,,,39.300000000000,  -0.17600,
,,,39.320000000000,  -0.10400,
,,,39.340000000000,  -0.06400,
,,,39.360000000000,  -0.08000,
,,,39.380000000000,  -0.22400,
,,,39.400000000000,  -0.10400,
,,,39.420000000000,  -0.08000,
,,,39.440000000000,  -0.03200,
,,,39.460000000000,  -0.07200,
,,,39.480000000000,  -0.01600,
,,,39.500000000000,  -0.13600,
,,,39.520000000000,  -0.16000,
,,,39.540000000000,  -0.09600,
,,,39.560000000000,  -0.04800,
,,,39.580000000000,  -0.08800,
,,,39.600000000000,  -0.12800,
,,,39.620000000000,  -0.13600,
,,,39.640000000000,  -0.07200,
,,,39.660000000000,  -0.14400,
,,,39.680000000000,  -0.12000,
,,,39.700000000000,  -0.04800,
,,,39.720000000000,  -0.12000,
,,,39.740000000000,   0.14400,
,,,39.760000000000,   0.09600,
,,,39.780000000000,   0.12800,
,,,39.800000000000,   0.02400,
,,,39.820000000000,   0.13600,
,,,39.840000000000,   0.09600,
,,,39.860000000000,   0.26400,
,,,39.880000000000,   0.10400,
,,,39.900000000000,  -0.14400,
,,,39.920000000000,   0.05600,
,,,39.940000000000,   0.14400,
,,,39.960000000000,   0.11200,
,,,39.980000000000,   0.07200,
,,,40.000000000000,   0.09600,
,,,40.020000000000,   0.13600,
,,,40.040000000000,  -0.00800,
,,,40.060000000000,   0.05600,
,,,40.080000000000,   0.05600,
,,,40.100000000000,   0.12800,
,,,40.120000000000,   0.11200,
,,,40.140000000000,   0.11200,
,,,40.160000000000,   0.13600,
,,,40.180000000000,   0.10400,
,,,40.200000000000,   0.04000,
,,,40.220000000000,   0.19200,
,,,40.240000000000,  -0.04000,
,,,40.260000000000,  -0.12800,
,,,40.280000000000,  -0.08800,
,,,40.300000000000,  -0.25600,
,,,40.320000000000,  -0.13600,
,,,40.340000000000,  -0.06400,
,,,40.360000000000,  -0.20000,
,,,40.380000000000,  -0.10400,
,,,40.400000000000,  -0.23200,
,,,40.420000000000,  -0.17600,
,,,40.440000000000,  -0.14400,
,,,40.460000000000,  -0.04800,
,,,40.480000000000,  -0.10400,
,,,40.500000000000,  -0.12800,
,,,40.520000000000,  -0.11200,
,,,40.540000000000,  -0.11200,
,,,40.560000000000,  -0.03200,
,,,40.580000000000,  -0.08800,
,,,40.600000000000,  -0.04800,
,,,40.620000000000,  -0.09600,
,,,40.640000000000,  -0.09600,
,,,40.660000000000,  -0.02400,
,,,40.680000000000,  -0.08000,
,,,40.700000000000,  -0.07200,
,,,40.720000000000,  -0.13600,
,,,40.740000000000,   0.16000,
,,,40.760000000000,   0.15200,
,,,40.780000000000,   0.08000,
,,,40.800000000000,   0.11200,
,,,40.820000000000,   0.09600,
,,,40.840000000000,   0.18400,
,,,40.860000000000,   0.19200,
,,,40.880000000000,   0.17600,
,,,40.900000000000,   0.02400,
,,,40.920000000000,   0.04000,
,,,40.940000000000,   0.12000,
,,,40.960000000000,   0.12000,
,,,40.980000000000,   0.10400,
,,,41.000000000000,   0.04800,
,,,41.020000000000,   0.10400,
,,,41.040000000000,   0.08800,
,,,41.060000000000,   0.09600,
,,,41.080000000000,   0.09600,
,,,41.100000000000,   0.09600,
,,,41.120000000000,   0.12000,
,,,41.140000000000,   0.10400,
,,,41.160000000000,   0.11200,
,,,41.180000000000,   0.10400,
,,,41.200000000000,   0.05600,
,,,41.220000000000,   0.06400,
,,,41.240000000000,  -0.10400,
,,,41.260000000000,  -0.09600,
,,,41.280000000000,  -0.12000,
,,,41.300000000000,  -0.12000,
,,,41.320000000000,  -0.15200,
,,,41.340000000000,  -0.11200,
,,,41.360000000000,  -0.16800,
,,,41.380000000000,  -0.11200,
,,,41.400000000000,  -0.12000,
,,,41.420000000000,  -0.13600,
,,,41.440000000000,  -0.10400,
,,,41.460000000000,  -0.08800,
,,,41.480000000000,  -0.15200,
,,,41.500000000000,  -0.13600,
,,,41.520000000000,  -0.11200,
,,,41.540000000000,  -0.20000,
,,,41.560000000000,  -0.08800,
,,,41.580000000000,  -0.10400,
,,,41.600000000000,  -0.13600,
,,,41.620000000000,  -0.09600,
,,,41.640000000000,  -0.09600,
,,,41.660000000000,  -0.15200,
,,,41.680000000000,  -0.15200,
,,,41.700000000000,  -0.08800,
,,,41.720000000000,  -0.08800,
,,,41.740000000000,   0.13600,
,,,41.760000000000,   0.08800,
,,,41.780000000000,   0.13600,
,,,41.800000000000,   0.07200,
,,,41.820000000000,   0.07200,
,,,41.840000000000,   0.08000,
,,,41.860000000000,   0.09600,
,,,41.880000000000,   0.10400,
,,,41.900000000000,   0.08800,
,,,41.920000000000,   0.04800,
,,,41.940000000000,   0.09600,
,,,41.960000000000,   0.10400,
,,,41.980000000000,   0.06400,
,,,42.000000000000,  -0.01600,
,,,42.020000000000,   0.04800,
,,,42.040000000000,   0.20800,
,,,42.060000000000,   0.13600,
,,,42.080000000000,   0.11200,
,,,42.100000000000,   0.00800,
,,,42.120000000000,   0.16800,
,,,42.140000000000,   0.16800,
,,,42.160000000000,   0.07200,
,,,42.180000000000,   0.11200,
,,,42.200000000000,   0.03200,
,,,42.220000000000,   0.07200,
,,,42.240000000000,  -0.11200,
,,,42.260000000000,  -0.08000,
,,,42.280000000000,  -0.10400,
,,,42.300000000000,  -0.10400,
,,,42.320000000000,  -0.10400,
,,,42.340000000000,  -0.06400,
,,,42.360000000000,  -0.11200,
,,,42.380000000000,  -0.10400,
,,,42.400000000000,  -0.10400,
,,,42.420000000000,  -0.12800,
,,,42.440000000000,  -0.04800,
,,,42.460000000000,  -0.12000,
,,,42.480000000000,  -0.10400,
,,,42.500000000000,  -0.16800,
,,,42.520000000000,  -0.07200,
,,,42.540000000000,  -0.07200,
,,,42.560000000000,  -0.05600,
,,,42.580000000000,  -0.11200,
,,,42.600000000000,  -0.14400,
,,,42.620000000000,  -0.11200,
,,,42.640000000000,  -0.06400,
,,,42.660000000000,  -0.04800,
,,,42.680000000000,  -0.10400,
,,,42.700000000000,  -0.16800,
,,,42.720000000000,   0.12800,
,,,42.740000000000,   0.12000,
,,,42.760000000000,   0.12800,
,,,42.780000000000,   0.12800,
,,,42.800000000000,   0.07200,
,,,42.820000000000,   0.00800,
,,,42.840000000000,   0.16000,
,,,42.860000000000,   0.12800,
,,,42.880000000000,   0.12800,
,,,42.900000000000,   0.06400,
,,,42.920000000000,   0.12000,
,,,42.940000000000,   0.10400,
,,,42.960000000000,   0.12800,
,,,42.980000000000,   0.07200,
,,,43.000000000000,   0.03200,
,,,43.020000000000,   0.04000,
,,,43.040000000000,   0.14400,
,,,43.060000000000,   0.13600,
,,,43.080000000000,   0.07200,
,,,43.100000000000,   0.11200,
,,,43.120000000000,   0.18400,
,,,43.140000000000,   0.09600,
,,,43.160000000000,   0.12000,
,,,43.180000000000,   0.08800,
,,,43.200000000000,   0.08800,
,,,43.220000000000,  -0.15200,
,,,43.240000000000,  -1.32000,
,,,43.260000000000,  -1.32000,
,,,43.280000000000,  -1.32000,
,,,43.300000000000,  -1.32000,
,,,43.320000000000,  -1.32000,
,,,43.340000000000,  -1.32000,
,,,43.360000000000,  -1.32000,
,,,43.380000000000,  -1.32000,
,,,43.400000000000,  -1.32000,
,,,43.420000000000,  -1.32000,
,,,43.440000000000,  -1.32000,
,,,43.460000000000,  -1.32000,
,,,43.480000000000,  -1.32000,
,,,43.500000000000,  -1.32000,
,,,43.520000000000,  -1.32000,
,,,43.540000000000,  -1.32000,
,,,43.560000000000,  -1.32000,
,,,43.580000000000,  -1.32000,
,,,43.600000000000,  -1.32000,
,,,43.620000000000,  -1.32000,
,,,43.640000000000,  -1.32000,
,,,43.660000000000,  -1.32000,
,,,43.680000000000,  -1.32000,
,,,43.700000000000,  -1.32000,
,,,43.720000000000,  -1.32000,
,,,43.740000000000,  -1.32000,
,,,43.760000000000,  -1.32000,
,,,43.780000000000,  -1.32000,
,,,43.800000000000,  -1.32000,
,,,43.820000000000,  -1.32000,
,,,43.840000000000,  -1.32000,
,,,43.860000000000,  -1.32000,
,,,43.880000000000,  -1.32000,
,,,43.900000000000,  -1.32000,
,,,43.920000000000,  -1.32000,
,,,43.940000000000,  -1.32000,
,,,43.960000000000,  -1.32000,
,,,43.980000000000,  -1.32000,
,,,44.000000000000,  -1.32000,
,,,44.020000000000,  -1.32000,
,,,44.040000000000,  -1.32000,
,,,44.060000000000,  -1.32000,
,,,44.080000000000,  -1.32000,
,,,44.100000000000,  -1.32000,
,,,44.120000000000,  -1.32000,
,,,44.140000000000,  -1.32000,
,,,44.160000000000,  -1.32000,
,,,44.180000000000,  -1.32000,
,,,44.200000000000,  -1.32000,
,,,44.220000000000,  -1.32000,
,,,44.240000000000,  -1.32000,
,,,44.260000000000,  -1.32000,
,,,44.280000000000,  -1.32000,
,,,44.300000000000,  -1.32000,
,,,44.320000000000,  -1.32000,
,,,44.340000000000,  -1.32000,
,,,44.360000000000,  -1.32000,
,,,44.380000000000,  -1.32000,
,,,44.400000000000,  -1.32000,
,,,44.420000000000,  -1.32000,
,,,44.440000000000,  -1.32000,
,,,44.460000000000,  -1.32000,
,,,44.480000000000,  -1.32000,
,,,44.500000000000,  -1.32000,
,,,44.520000000000,  -1.32000,
,,,44.540000000000,  -1.32000,
,,,44.560000000000,  -1.32000,
,,,44.580000000000,  -1.32000,
,,,44.600000000000,  -1.32000,
,,,44.620000000000,  -1.32000,
,,,44.640000000000,  -1.32000,
,,,44.660000000000,  -1.32000,
,,,44.680000000000,  -1.32000,
,,,44.700000000000,  -1.32000,
,,,44.720000000000,  -1.32000,
,,,44.740000000000,  -1.32000,
,,,44.760000000000,  -1.32000,
,,,44.780000000000,  -1.32000,
,,,44.800000000000,  -1.32000,
,,,44.820000000000,  -1.32000,
,,,44.840000000000,  -1.32000,
,,,44.860000000000,  -1.32000,
,,,44.880000000000,  -1.32000,
,,,44.900000000000,  -1.32000,
,,,44.920000000000,  -1.32000,
,,,44.940000000000,  -1.32000,
,,,44.960000000000,  -1.32000,
,,,44.980000000000,  -1.32000,
,,,45.000000000000,  -1.32000,
,,,45.020000000000,  -1.32000,
,,,45.040000000000,  -1.32000,
,,,45.060000000000,  -1.32000,
,,,45.080000000000,  -1.32000,
,,,45.100000000000,  -1.32000,
,,,45.120000000000,  -1.32000,
,,,45.140000000000,  -1.32000,
,,,45.160000000000,  -1.32000,
,,,45.180000000000,  -1.32000,
,,,45.200000000000,  -1.32000,
,,,45.220000000000,  -1.32000,
,,,45.240000000000,  -1.32000,
,,,45.260000000000,  -1.32000,
,,,45.280000000000,  -1.32000,
,,,45.300000000000,  -1.32000,
,,,45.320000000000,  -1.32000,
,,,45.340000000000,  -1.32000,
,,,45.360000000000,  -1.32000,
,,,45.380000000000,  -1.32000,
,,,45.400000000000,  -1.32000,
,,,45.420000000000,  -1.32000,
,,,45.440000000000,  -1.32000,
,,,45.460000000000,  -1.32000,
,,,45.480000000000,  -1.32000,
,,,45.500000000000,  -1.32000,
,,,45.520000000000,  -1.32000,
,,,45.540000000000,  -1.32000,
,,,45.560000000000,  -1.32000,
,,,45.580000000000,  -1.32000,
,,,45.600000000000,  -1.32000,
,,,45.620000000000,  -1.32000,
,,,45.640000000000,  -1.32000,
,,,45.660000000000,  -1.32000,
,,,45.680000000000,  -1.32000,
,,,45.700000000000,  -1.32000,
,,,45.720000000000,  -1.32000,
,,,45.740000000000,  -1.32000,
,,,45.760000000000,  -1.32000,
,,,45.780000000000,  -1.32000,
,,,45.800000000000,  -1.32000,
,,,45.820000000000,  -1.32000,
,,,45.840000000000,  -1.32000,
,,,45.860000000000,  -1.32000,
,,,45.880000000000,  -1.32000,
,,,45.900000000000,  -1.32000,
,,,45.920000000000,  -1.32000,
,,,45.940000000000,  -1.32000,
,,,45.960000000000,  -1.32000,
,,,45.980000000000,  -1.32000,
,,,46.000000000000,  -1.32000,
,,,46.020000000000,  -1.32000,
,,,46.040000000000,  -1.32000,
,,,46.060000000000,  -1.32000,
,,,46.080000000000,  -1.32000,
,,,46.100000000000,  -1.32000,
,,,46.120000000000,  -1.32000,
,,,46.140000000000,  -1.32000,
,,,46.160000000000,  -1.32000,
,,,46.180000000000,  -1.32000,
,,,46.200000000000,  -1.32000,
,,,46.220000000000,  -1.32000,
,,,46.240000000000,  -1.32000,
,,,46.260000000000,  -1.32000,
,,,46.280000000000,  -1.32000,
,,,46.300000000000,  -1.32000,
,,,46.320000000000,  -1.32000,
,,,46.340000000000,  -1.32000,
,,,46.360000000000,  -1.32000,
,,,46.380000000000,  -1.32000,
,,,46.400000000000,  -1.32000,
,,,46.420000000000,  -1.32000,
,,,46.440000000000,  -1.32000,
,,,46.460000000000,  -1.32000,
,,,46.480000000000,  -1.32000,
,,,46.500000000000,  -1.32000,
,,,46.520000000000,  -1.32000,
,,,46.540000000000,  -1.32000,
,,,46.560000000000,  -1.32000,
,,,46.580000000000,  -1.32000,
,,,46.600000000000,  -1.32000,
,,,46.620000000000,  -1.32000,
,,,46.640000000000,  -1.32000,
,,,46.660000000000,  -1.32000,
,,,46.680000000000,  -1.32000,
,,,46.700000000000,  -1.32000,
,,,46.720000000000,  -1.32000,
,,,46.740000000000,  -1.32000,
,,,46.760000000000,  -1.32000,
,,,46.780000000000,  -1.32000,
,,,46.800000000000,  -1.32000,
,,,46.820000000000,  -1.32000,
,,,46.840000000000,  -1.32000,
,,,46.860000000000,  -1.32000,
,,,46.880000000000,  -1.32000,
,,,46.900000000000,  -1.32000,
,,,46.920000000000,  -1.32000,
,,,46.940000000000,  -1.32000,
,,,46.960000000000,  -1.32000,
,,,46.980000000000,  -1.32000,
,,,47.000000000000,  -1.32000,
,,,47.020000000000,  -1.32000,
,,,47.040000000000,  -1.32000,
,,,47.060000000000,  -1.32000,
,,,47.080000000000,  -1.32000,
,,,47.100000000000,  -1.32000,
,,,47.120000000000,  -1.32000,
,,,47.140000000000,  -1.32000,
,,,47.160000000000,  -1.32000,
,,,47.180000000000,  -1.32000,
,,,47.200000000000,  -1.32000,
,,,47.220000000000,  -1.32000,
,,,47.240000000000,  -1.32000,
,,,47.260000000000,  -1.32000,
,,,47.280000000000,  -1.32000,
,,,47.300000000000,  -1.32000,
,,,47.320000000000,  -1.32000,
,,,47.340000000000,  -1.32000,
,,,47.360000000000,  -1.32000,
,,,47.380000000000,  -1.32000,
,,,47.400000000000,  -1.32000,
,,,47.420000000000,  -1.32000,
,,,47.440000000000,  -1.32000,
,,,47.460000000000,  -1.32000,
,,,47.480000000000,  -1.32000,
,,,47.500000000000,  -1.32000,
,,,47.520000000000,  -1.32000,
,,,47.540000000000,  -1.32000,
,,,47.560000000000,  -1.32000,
,,,47.580000000000,  -1.32000,
,,,47.600000000000,  -1.32000,
,,,47.620000000000,  -1.32000,
,,,47.640000000000,  -1.32000,
,,,47.660000000000,  -1.32000,
,,,47.680000000000,  -1.32000,
,,,47.700000000000,  -1.32000,
,,,47.720000000000,  -1.32000,
,,,47.740000000000,  -1.32000,
,,,47.760000000000,  -1.32000,
,,,47.780000000000,  -1.32000,
,,,47.800000000000,  -1.32000,
,,,47.820000000000,  -1.32000,
,,,47.840000000000,  -1.32000,
,,,47.860000000000,  -1.32000,
,,,47.880000000000,  -1.32000,
,,,47.900000000000,  -1.32000,
,,,47.920000000000,  -1.32000,
,,,47.940000000000,  -1.32000,
,,,47.960000000000,  -1.32000,
,,,47.980000000000,  -1.32000,
,,,48.000000000000,  -1.32000,
,,,48.020000000000,  -1.32000,
,,,48.040000000000,  -1.32000,
,,,48.060000000000,  -1.32000,
,,,48.080000000000,  -1.32000,
,,,48.100000000000,  -1.32000,
,,,48.120000000000,  -1.32000,
,,,48.140000000000,  -1.32000,
,,,48.160000000000,  -1.32000,
,,,48.180000000000,  -1.32000,
,,,48.200000000000,  -1.32000,
,,,48.220000000000,  -1.32000,
,,,48.240000000000,  -1.32000,
,,,48.260000000000,  -1.32000,
,,,48.280000000000,  -1.32000,
,,,48.300000000000,  -1.32000,
,,,48.320000000000,  -1.32000,
,,,48.340000000000,  -1.32000,
,,,48.360000000000,  -1.32000,
,,,48.380000000000,  -1.32000,
,,,48.400000000000,  -1.32000,
,,,48.420000000000,  -1.32000,
,,,48.440000000000,  -1.32000,
,,,48.460000000000,  -1.32000,
,,,48.480000000000,  -1.32000,
,,,48.500000000000,  -1.32000,
,,,48.520000000000,  -1.32000,
,,,48.540000000000,  -1.32000,
,,,48.560000000000,  -1.32000,
,,,48.580000000000,  -1.32000,
,,,48.600000000000,  -1.32000,
,,,48.620000000000,  -1.32000,
,,,48.640000000000,  -1.32000,
,,,48.660000000000,  -1.32000,
,,,48.680000000000,  -1.32000,
,,,48.700000000000,  -1.32000,
,,,48.720000000000,  -1.32000,
,,,48.740000000000,  -1.32000,
,,,48.760000000000,  -1.32000,
,,,48.780000000000,  -1.32000,
,,,48.800000000000,  -1.32000,
,,,48.820000000000,  -1.32000,
,,,48.840000000000,  -1.32000,
,,,48.860000000000,  -1.32000,
,,,48.880000000000,  -1.32000,
,,,48.900000000000,  -1.32000,
,,,48.920000000000,  -1.32000,
,,,48.940000000000,  -1.32000,
,,,48.960000000000,  -1.32000,
,,,48.980000000000,  -1.32000,
,,,49.000000000000,  -1.32000,
,,,49.020000000000,  -1.32000,
,,,49.040000000000,  -1.32000,
,,,49.060000000000,  -1.32000,
,,,49.080000000000,  -1.32000,
,,,49.100000000000,  -1.32000,
,,,49.120000000000,  -1.32000,
,,,49.140000000000,  -1.32000,
,,,49.160000000000,  -1.32000,
,,,49.180000000000,  -1.32000,
,,,49.200000000000,  -1.32000,
,,,49.220000000000,  -1.32000,
,,,49.240000000000,  -1.32000,
,,,49.260000000000,  -1.32000,
,,,49.280000000000,  -1.32000,
,,,49.300000000000,  -1.32000,
,,,49.320000000000,  -1.32000,
,,,49.340000000000,  -1.32000,
,,,49.360000000000,  -1.32000,
,,,49.380000000000,  -1.32000,
,,,49.400000000000,  -1.32000,
,,,49.420000000000,  -1.32000,
,,,49.440000000000,  -1.32000,
,,,49.460000000000,  -1.32000,
,,,49.480000000000,  -1.32000,
,,,49.500000000000,  -1.32000,
,,,49.520000000000,  -1.32000,
,,,49.540000000000,  -1.32000,
,,,49.560000000000,  -1.32000,
,,,49.580000000000,  -1.32000,
,,,49.600000000000,  -1.32000,
,,,49.620000000000,  -1.32000,
,,,49.640000000000,  -1.32000,
,,,49.660000000000,  -1.32000,
,,,49.680000000000,  -1.32000,
,,,49.700000000000,  -1.32000,
,,,49.720000000000,  -1.32000,
,,,49.740000000000,  -1.32000,
,,,49.760000000000,  -1.32000,
,,,49.780000000000,  -1.32000,
,,,49.800000000000,  -1.32000,
,,,49.820000000000,  -1.32000,
,,,49.840000000000,  -1.32000,
,,,49.860000000000,  -1.32000,
,,,49.880000000000,  -1.32000,
,,,49.900000000000,  -1.32000,
,,,49.920000000000,  -1.32000,
,,,49.940000000000,  -1.32000,
,,,49.960000000000,  -1.32000,
,,,49.980000000000,  -1.32000,
